frame,t,troffer_level,lens_glow,ambient_scale,exposure,led
0,-0.3,1,2.6,0.6,0,0
1,-0.2667,1,2.6,0.6,0,0
2,-0.2333,1,2.6,0.6,0,0
3,-0.2,1,2.6,0.6,0,0
4,-0.1667,1,2.6,0.6,0,0
5,-0.1333,1,2.6,0.6,0,0
6,-0.1,1,2.6,0.6,0,0
7,-0.0667,1,2.6,0.6,0,0
8,-0.0333,1,2.6,0.6,0,0
9,0,1,2.6,0.6,0,0
10,0.0333,0.5833,1.9791,0.4542,0,1
11,0.0667,0.1667,1.5088,0.3083,0,1
12,0.1,0,1.1526,0.25,0,1
13,0.1333,0,0.8827,0.25,0,1
14,0.1667,0,0.6762,0.25,0.1049,1
15,0.2,0,0.5173,0.25,0.3045,1
16,0.2333,0,0.3964,0.25,0.4913,1
17,0.2667,0,0.3042,0.25,0.666,1
18,0.3,0,0.2341,0.25,0.8294,1
19,0.3333,0,0.1806,0.25,0.9823,1
20,0.3667,0,0.1399,0.25,1.1253,1
21,0.4,0,0.1089,0.25,1.2591,1
22,0.4333,0,0.0852,0.25,1.3843,1
23,0.4667,0,0.0671,0.25,1.5014,1
24,0.5,0,0.0532,0.25,1.6109,1
25,0.5333,0,0.0426,0.25,1.7134,1
26,0.5667,0,0.0344,0.25,1.8093,1
27,0.6,0,0.0282,0.25,1.899,1
28,0.6333,0,0.0233,0.25,1.9829,1
29,0.6667,0,0.0196,0.25,2.0614,1
30,0.7,0,0.0167,0.25,2.1348,1
31,0.7333,0,0.0144,0.25,2.2035,1
32,0.7667,0,0.0127,0.25,2.2678,1
33,0.8,0,0.0113,0.25,2.3279,1
34,0.8333,0,0.0102,0.25,2.3841,1
35,0.8667,0,0.0093,0.25,2.4368,1
36,0.9,0,0.0086,0.25,2.486,1
37,0.9333,0,0.008,0.25,2.532,1
38,0.9667,0,0.0075,0.25,2.5751,1
39,1,0,0.0072,0.25,2.6154,1
40,1.0333,0,0.0068,0.25,2.6531,1
41,1.0667,0,0.0066,0.25,2.6884,1
42,1.1,0,0.0063,0.25,2.7214,1
43,1.1333,0,0.0061,0.25,2.7522,1
44,1.1667,0,0.006,0.25,2.7811,1
45,1.2,0,0.0058,0.25,2.8081,1
46,1.2333,0,0.0057,0.25,2.8334,1
47,1.2667,0,0.0056,0.25,2.8571,1
48,1.3,0,0.0055,0.25,2.8792,1
49,1.3333,0,0.0054,0.25,2.8999,1
50,1.3667,0,0.0053,0.25,2.9192,1
51,1.4,0,0.0052,0.25,2.9373,1
52,1.4333,0,0.0052,0.25,2.9543,1
53,1.4667,0,0.0051,0.25,2.9701,1
54,1.5,0,0.0051,0.25,2.9849,1
55,1.5333,0,0.005,0.25,2.9988,1
56,1.5667,0,0.005,0.25,3.0118,1
57,1.6,0,0.0049,0.25,3.0239,1
58,1.6333,0,0.0049,0.25,3.0353,1
59,1.6667,0,0.0048,0.25,3.0459,1
60,1.7,0,0.0048,0.25,3.0558,1
61,1.7333,0,0.0048,0.25,3.0651,1
62,1.7667,0,0.0048,0.25,3.0738,1
63,1.8,0,0.0047,0.25,3.082,1
64,1.8333,0,0.0047,0.25,3.0896,1
65,1.8667,0,0.0047,0.25,3.0967,1
66,1.9,0,0.0047,0.25,3.1034,1
67,1.9333,0,0.0046,0.25,3.1096,1
68,1.9667,0,0.0046,0.25,3.1154,1
69,2,0,0.0046,0.25,3.1209,1
70,2.0333,0,0.0046,0.25,3.126,1
71,2.0667,0,0.0046,0.25,3.1308,1
72,2.1,0,0.0046,0.25,3.1352,1
73,2.1333,0,0.0045,0.25,3.1394,1
74,2.1667,0,0.0045,0.25,3.1433,1
75,2.2,0,0.0045,0.25,3.147,1
76,2.2333,0,0.0045,0.25,3.1504,1
77,2.2667,0,0.0045,0.25,3.1536,1
78,2.3,0,0.0045,0.25,3.1566,1
79,2.3333,0,0.0045,0.25,3.1594,1
80,2.3667,0,0.0045,0.25,3.162,1
81,2.4,0,0.0045,0.25,3.1645,1
82,2.4333,0,0.0045,0.25,3.1667,1
83,2.4667,0,0.0044,0.25,3.1689,1
84,2.5,0,0.0044,0.25,3.1709,1
85,2.5333,0,0.0044,0.25,3.1728,1
86,2.5667,0,0.0044,0.25,3.1745,1
87,2.6,0,0.0044,0.25,3.1762,1
88,2.6333,0,0.0044,0.25,3.1777,1
89,2.6667,0,0.0044,0.25,3.1791,1
90,2.7,0,0.0044,0.25,3.1805,1
