t,meanY,p95Y,red_sat_frac
-0.5,0.18091,0.5190,0.0053
-0.467,0.18091,0.5190,0.0053
-0.433,0.18091,0.5190,0.0053
-0.4,0.18091,0.5190,0.0053
-0.367,0.18091,0.5190,0.0053
-0.333,0.18091,0.5190,0.0053
-0.3,0.18091,0.5190,0.0053
-0.267,0.18091,0.5190,0.0053
-0.233,0.18091,0.5190,0.0054
-0.2,0.18091,0.5190,0.0053
-0.167,0.18091,0.5190,0.0053
-0.133,0.18091,0.5190,0.0054
-0.1,0.18091,0.5190,0.0053
-0.067,0.18091,0.5190,0.0053
-0.033,0.18091,0.5190,0.0053
0,0.18091,0.5190,0.0053
0.033,0.06425,0.2150,0.0005
0.067,0.00011,0.0003,0.0006
0.1,0.00011,0.0003,0.0006
0.133,0.00011,0.0003,0.0006
0.167,0.00011,0.0003,0.0006
0.2,0.00011,0.0003,0.0006
0.233,0.00011,0.0003,0.0006
0.267,0.00011,0.0003,0.0006
0.3,0.00011,0.0003,0.0006
0.333,0.00011,0.0003,0.0006
0.367,0.00011,0.0003,0.0006
0.4,0.00017,0.0003,0.0006
0.433,0.00084,0.0026,0.0006
0.467,0.00326,0.0111,0.0002
0.5,0.00836,0.0320,0.0001
0.533,0.01619,0.0721,0.0000
0.567,0.02166,0.1082,0.0001
0.6,0.02289,0.1131,0.0001
0.633,0.02320,0.1149,0.0001
0.667,0.02320,0.1146,0.0001
0.7,0.02320,0.1149,0.0001
0.733,0.02320,0.1148,0.0001
0.767,0.02320,0.1147,0.0001
0.8,0.02320,0.1151,0.0001
0.833,0.02320,0.1150,0.0002
0.867,0.02320,0.1149,0.0001
0.9,0.02320,0.1148,0.0002
0.933,0.02320,0.1149,0.0001
0.967,0.02320,0.1147,0.0001
1,0.02320,0.1148,0.0001
1.033,0.02320,0.1148,0.0001
1.067,0.02320,0.1149,0.0001
1.1,0.02320,0.1149,0.0002
1.133,0.02320,0.1148,0.0002
1.167,0.02320,0.1149,0.0001
1.2,0.02320,0.1146,0.0001
1.233,0.02320,0.1149,0.0001
1.267,0.02320,0.1148,0.0001
1.3,0.02320,0.1147,0.0001
1.333,0.02320,0.1151,0.0001
1.367,0.02320,0.1150,0.0002
1.4,0.02320,0.1149,0.0001
1.433,0.02320,0.1148,0.0002
1.467,0.02320,0.1149,0.0001
1.5,0.02320,0.1147,0.0001
1.533,0.02320,0.1148,0.0001
1.567,0.02320,0.1148,0.0001
1.6,0.02320,0.1149,0.0001
1.633,0.02320,0.1149,0.0002
1.667,0.02320,0.1148,0.0002
1.7,0.02320,0.1149,0.0001
1.733,0.02320,0.1146,0.0001
1.767,0.02320,0.1149,0.0001
1.8,0.02320,0.1148,0.0001
1.833,0.02320,0.1147,0.0001
1.867,0.02320,0.1151,0.0001
1.9,0.02320,0.1150,0.0002
1.933,0.02320,0.1149,0.0001
1.967,0.02320,0.1148,0.0002
2,0.02320,0.1149,0.0001
