file	direction	state	zone	glyph	label	bg	scale	crop_1x	crop_px	changed	ops_changed
design/hud/A_S_held_lit_1x.png	A · 40×22	held	one glyph, all zones	A_S_held	LEVEL 0 KEY [Bayon 20]	lit	1x	40, 880, 600 × 120	40, 880, 600 × 120	no	no
design/hud/A_S_held_lit_2x.png	A · 40×22	held	one glyph, all zones	A_S_held	LEVEL 0 KEY [Bayon 20]	lit	2x	40, 880, 600 × 120	80, 1760, 1200 × 240	no	no
design/hud/A_S_held_wallpaper_1x.png	A · 40×22	held	one glyph, all zones	A_S_held	LEVEL 0 KEY [Bayon 20]	wallpaper	1x	40, 880, 600 × 120	40, 880, 600 × 120	no	no
design/hud/A_S_held_wallpaper_2x.png	A · 40×22	held	one glyph, all zones	A_S_held	LEVEL 0 KEY [Bayon 20]	wallpaper	2x	40, 880, 600 × 120	80, 1760, 1200 × 240	no	no
design/hud/A_S_held_office_1x.png	A · 40×22	held	one glyph, all zones	A_S_held	LEVEL 0 KEY [Bayon 20]	office	1x	40, 880, 600 × 120	40, 880, 600 × 120	no	no
design/hud/A_S_held_office_2x.png	A · 40×22	held	one glyph, all zones	A_S_held	LEVEL 0 KEY [Bayon 20]	office	2x	40, 880, 600 × 120	80, 1760, 1200 × 240	no	no
design/hud/A_S_held_dark_1x.png	A · 40×22	held	one glyph, all zones	A_S_held	LEVEL 0 KEY [Bayon 20]	dark	1x	40, 880, 600 × 120	40, 880, 600 × 120	no	no
design/hud/A_S_held_dark_2x.png	A · 40×22	held	one glyph, all zones	A_S_held	LEVEL 0 KEY [Bayon 20]	dark	2x	40, 880, 600 × 120	80, 1760, 1200 × 240	no	no
design/hud/A_L_held_lit_1x.png	A · 49×22	held	one glyph, all zones	A_L_held	LEVEL 0 KEY [Bayon 20]	lit	1x	40, 880, 600 × 120	40, 880, 600 × 120	no	no
design/hud/A_L_held_lit_2x.png	A · 49×22	held	one glyph, all zones	A_L_held	LEVEL 0 KEY [Bayon 20]	lit	2x	40, 880, 600 × 120	80, 1760, 1200 × 240	no	no
design/hud/A_L_held_wallpaper_1x.png	A · 49×22	held	one glyph, all zones	A_L_held	LEVEL 0 KEY [Bayon 20]	wallpaper	1x	40, 880, 600 × 120	40, 880, 600 × 120	no	no
design/hud/A_L_held_wallpaper_2x.png	A · 49×22	held	one glyph, all zones	A_L_held	LEVEL 0 KEY [Bayon 20]	wallpaper	2x	40, 880, 600 × 120	80, 1760, 1200 × 240	no	no
design/hud/A_L_held_office_1x.png	A · 49×22	held	one glyph, all zones	A_L_held	LEVEL 0 KEY [Bayon 20]	office	1x	40, 880, 600 × 120	40, 880, 600 × 120	no	no
design/hud/A_L_held_office_2x.png	A · 49×22	held	one glyph, all zones	A_L_held	LEVEL 0 KEY [Bayon 20]	office	2x	40, 880, 600 × 120	80, 1760, 1200 × 240	no	no
design/hud/A_L_held_dark_1x.png	A · 49×22	held	one glyph, all zones	A_L_held	LEVEL 0 KEY [Bayon 20]	dark	1x	40, 880, 600 × 120	40, 880, 600 × 120	no	no
design/hud/A_L_held_dark_2x.png	A · 49×22	held	one glyph, all zones	A_L_held	LEVEL 0 KEY [Bayon 20]	dark	2x	40, 880, 600 × 120	80, 1760, 1200 × 240	no	no
design/hud/C_held_lit_1x.png	C · plate	held	dark plate	C_dark_held	LEVEL 0 KEY [Bayon 20]	lit	1x	40, 880, 600 × 120	40, 880, 600 × 120	no	no
design/hud/C_held_lit_2x.png	C · plate	held	dark plate	C_dark_held	LEVEL 0 KEY [Bayon 20]	lit	2x	40, 880, 600 × 120	80, 1760, 1200 × 240	no	no
design/hud/C_held_wallpaper_1x.png	C · plate	held	dark plate	C_dark_held	LEVEL 0 KEY [Bayon 20]	wallpaper	1x	40, 880, 600 × 120	40, 880, 600 × 120	no	no
design/hud/C_held_wallpaper_2x.png	C · plate	held	dark plate	C_dark_held	LEVEL 0 KEY [Bayon 20]	wallpaper	2x	40, 880, 600 × 120	80, 1760, 1200 × 240	no	no
design/hud/C_held_office_1x.png	C · plate	held	dark plate	C_dark_held	LEVEL 0 KEY [Bayon 20]	office	1x	40, 880, 600 × 120	40, 880, 600 × 120	no	no
design/hud/C_held_office_2x.png	C · plate	held	dark plate	C_dark_held	LEVEL 0 KEY [Bayon 20]	office	2x	40, 880, 600 × 120	80, 1760, 1200 × 240	no	no
design/hud/C_held_dark_1x.png	C · plate	held	dark plate	C_dark_held	LEVEL 0 KEY [Bayon 20]	dark	1x	40, 880, 600 × 120	40, 880, 600 × 120	no	no
design/hud/C_held_dark_2x.png	C · plate	held	dark plate	C_dark_held	LEVEL 0 KEY [Bayon 20]	dark	2x	40, 880, 600 × 120	80, 1760, 1200 × 240	no	no
design/hud/B_held_lit_1x.png	B · key on tag	held	rect tag · red · 14	B_rect_red_held	LEVEL 0 KEY [Bayon 20] OPENS DOORS OUT OF THIS ZONE [Plex Mono 13] + 4 px rule	lit	1x	40, 860, 600 × 120	40, 860, 600 × 120	no	no
design/hud/B_held_lit_2x.png	B · key on tag	held	rect tag · red · 14	B_rect_red_held	LEVEL 0 KEY [Bayon 20] OPENS DOORS OUT OF THIS ZONE [Plex Mono 13] + 4 px rule	lit	2x	40, 860, 600 × 120	80, 1720, 1200 × 240	no	no
design/hud/B_held_wallpaper_1x.png	B · key on tag	held	rect tag · red · 14	B_rect_red_held	LEVEL 0 KEY [Bayon 20] OPENS DOORS OUT OF THIS ZONE [Plex Mono 13] + 4 px rule	wallpaper	1x	40, 860, 600 × 120	40, 860, 600 × 120	no	no
design/hud/B_held_wallpaper_2x.png	B · key on tag	held	rect tag · red · 14	B_rect_red_held	LEVEL 0 KEY [Bayon 20] OPENS DOORS OUT OF THIS ZONE [Plex Mono 13] + 4 px rule	wallpaper	2x	40, 860, 600 × 120	80, 1720, 1200 × 240	no	no
design/hud/B_held_office_1x.png	B · key on tag	held	rect tag · red · 14	B_rect_red_held	LEVEL 0 KEY [Bayon 20] OPENS DOORS OUT OF THIS ZONE [Plex Mono 13] + 4 px rule	office	1x	40, 860, 600 × 120	40, 860, 600 × 120	no	no
design/hud/B_held_office_2x.png	B · key on tag	held	rect tag · red · 14	B_rect_red_held	LEVEL 0 KEY [Bayon 20] OPENS DOORS OUT OF THIS ZONE [Plex Mono 13] + 4 px rule	office	2x	40, 860, 600 × 120	80, 1720, 1200 × 240	no	no
design/hud/B_held_dark_1x.png	B · key on tag	held	rect tag · red · 14	B_rect_red_held	LEVEL 0 KEY [Bayon 20] OPENS DOORS OUT OF THIS ZONE [Plex Mono 13] + 4 px rule	dark	1x	40, 860, 600 × 120	40, 860, 600 × 120	no	no
design/hud/B_held_dark_2x.png	B · key on tag	held	rect tag · red · 14	B_rect_red_held	LEVEL 0 KEY [Bayon 20] OPENS DOORS OUT OF THIS ZONE [Plex Mono 13] + 4 px rule	dark	2x	40, 860, 600 × 120	80, 1720, 1200 × 240	no	no
design/hud/Achip_held_lit_1x.png	A + chip	held	rect tag · red	Achip_rect_red_held	KEY [Bayon 20] 14 [Courier Prime Bold 25]	lit	1x	40, 880, 600 × 120	40, 880, 600 × 120	yes	no
design/hud/Achip_held_lit_2x.png	A + chip	held	rect tag · red	Achip_rect_red_held	KEY [Bayon 20] 14 [Courier Prime Bold 25]	lit	2x	40, 880, 600 × 120	80, 1760, 1200 × 240	yes	no
design/hud/Achip_held_wallpaper_1x.png	A + chip	held	rect tag · red	Achip_rect_red_held	KEY [Bayon 20] 14 [Courier Prime Bold 25]	wallpaper	1x	40, 880, 600 × 120	40, 880, 600 × 120	yes	no
design/hud/Achip_held_wallpaper_2x.png	A + chip	held	rect tag · red	Achip_rect_red_held	KEY [Bayon 20] 14 [Courier Prime Bold 25]	wallpaper	2x	40, 880, 600 × 120	80, 1760, 1200 × 240	yes	no
design/hud/Achip_held_office_1x.png	A + chip	held	rect tag · red	Achip_rect_red_held	KEY [Bayon 20] 14 [Courier Prime Bold 25]	office	1x	40, 880, 600 × 120	40, 880, 600 × 120	yes	no
design/hud/Achip_held_office_2x.png	A + chip	held	rect tag · red	Achip_rect_red_held	KEY [Bayon 20] 14 [Courier Prime Bold 25]	office	2x	40, 880, 600 × 120	80, 1760, 1200 × 240	yes	no
design/hud/Achip_held_dark_1x.png	A + chip	held	rect tag · red	Achip_rect_red_held	KEY [Bayon 20] 14 [Courier Prime Bold 25]	dark	1x	40, 880, 600 × 120	40, 880, 600 × 120	yes	no
design/hud/Achip_held_dark_2x.png	A + chip	held	rect tag · red	Achip_rect_red_held	KEY [Bayon 20] 14 [Courier Prime Bold 25]	dark	2x	40, 880, 600 × 120	80, 1760, 1200 × 240	yes	no
design/hud/A_S_state_held_lit_1x.png	A · 40×22	held	one glyph, all zones	A_S_held	KEY [Bayon 20] 14 [Courier Prime Bold 25]	lit	1x	40, 880, 600 × 120	40, 880, 600 × 120	no	no
design/hud/A_S_state_other_lit_1x.png	A · 40×22	other	one glyph, all zones	A_S_missing	KEY [Bayon 20] 14 [Courier Prime Bold 25] NOT THIS ZONE [Plex Mono 13]	lit	1x	40, 880, 600 × 120	40, 880, 600 × 120	yes	yes
design/hud/A_S_state_missing_lit_1x.png	A · 40×22	missing	one glyph, all zones	A_S_missing	LOCKED [Bayon 20] NEEDS KEY 14 [Plex Mono 13] + 4 px rule	lit	1x	720, 512, 480 × 120	720, 512, 480 × 120	yes	yes
design/hud/A_S_state_used_lit_1x.png	A · 40×22	used	one glyph, all zones	A_S_held @70%	KEY [Bayon 20] 14 [Courier Prime Bold 25] DOOR OPENED [Plex Mono 13]	lit	1x	40, 880, 600 × 120	40, 880, 600 × 120	yes	yes
design/hud/A_S_state_held_dark_1x.png	A · 40×22	held	one glyph, all zones	A_S_held	KEY [Bayon 20] 14 [Courier Prime Bold 25]	dark	1x	40, 880, 600 × 120	40, 880, 600 × 120	no	no
design/hud/A_S_state_other_dark_1x.png	A · 40×22	other	one glyph, all zones	A_S_missing	KEY [Bayon 20] 14 [Courier Prime Bold 25] NOT THIS ZONE [Plex Mono 13]	dark	1x	40, 880, 600 × 120	40, 880, 600 × 120	yes	yes
design/hud/A_S_state_missing_dark_1x.png	A · 40×22	missing	one glyph, all zones	A_S_missing	LOCKED [Bayon 20] NEEDS KEY 14 [Plex Mono 13] + 4 px rule	dark	1x	720, 512, 480 × 120	720, 512, 480 × 120	yes	yes
design/hud/A_S_state_used_dark_1x.png	A · 40×22	used	one glyph, all zones	A_S_held @70%	KEY [Bayon 20] 14 [Courier Prime Bold 25] DOOR OPENED [Plex Mono 13]	dark	1x	40, 880, 600 × 120	40, 880, 600 × 120	yes	yes
design/hud/A_S_state_missing_wallpaper_1x.png	A · 40×22	missing	one glyph, all zones	A_S_missing	LOCKED [Bayon 20] NEEDS KEY 14 [Plex Mono 13] + 4 px rule	wallpaper	1x	720, 512, 480 × 120	720, 512, 480 × 120	new	new
design/hud/A_S_state_missing_office_1x.png	A · 40×22	missing	one glyph, all zones	A_S_missing	LOCKED [Bayon 20] NEEDS KEY 14 [Plex Mono 13] + 4 px rule	office	1x	720, 512, 480 × 120	720, 512, 480 × 120	new	new
design/hud/A_S_state_missing_leaf_1x.png	A · 40×22	missing	one glyph, all zones	A_S_missing	LOCKED [Bayon 20] NEEDS KEY 14 [Plex Mono 13] + 4 px rule	leaf	1x	720, 512, 480 × 120	720, 512, 480 × 120	new	new
design/hud/A_L_state_held_lit_1x.png	A · 49×22	held	one glyph, all zones	A_L_held	KEY [Bayon 20] 14 [Courier Prime Bold 25]	lit	1x	40, 880, 600 × 120	40, 880, 600 × 120	no	no
design/hud/A_L_state_other_lit_1x.png	A · 49×22	other	one glyph, all zones	A_L_missing	KEY [Bayon 20] 14 [Courier Prime Bold 25] NOT THIS ZONE [Plex Mono 13]	lit	1x	40, 880, 600 × 120	40, 880, 600 × 120	yes	yes
design/hud/A_L_state_missing_lit_1x.png	A · 49×22	missing	one glyph, all zones	A_L_missing	LOCKED [Bayon 20] NEEDS KEY 14 [Plex Mono 13] + 4 px rule	lit	1x	720, 512, 480 × 120	720, 512, 480 × 120	yes	yes
design/hud/A_L_state_used_lit_1x.png	A · 49×22	used	one glyph, all zones	A_L_held @70%	KEY [Bayon 20] 14 [Courier Prime Bold 25] DOOR OPENED [Plex Mono 13]	lit	1x	40, 880, 600 × 120	40, 880, 600 × 120	yes	yes
design/hud/A_L_state_held_dark_1x.png	A · 49×22	held	one glyph, all zones	A_L_held	KEY [Bayon 20] 14 [Courier Prime Bold 25]	dark	1x	40, 880, 600 × 120	40, 880, 600 × 120	no	no
design/hud/A_L_state_other_dark_1x.png	A · 49×22	other	one glyph, all zones	A_L_missing	KEY [Bayon 20] 14 [Courier Prime Bold 25] NOT THIS ZONE [Plex Mono 13]	dark	1x	40, 880, 600 × 120	40, 880, 600 × 120	yes	yes
design/hud/A_L_state_missing_dark_1x.png	A · 49×22	missing	one glyph, all zones	A_L_missing	LOCKED [Bayon 20] NEEDS KEY 14 [Plex Mono 13] + 4 px rule	dark	1x	720, 512, 480 × 120	720, 512, 480 × 120	yes	yes
design/hud/A_L_state_used_dark_1x.png	A · 49×22	used	one glyph, all zones	A_L_held @70%	KEY [Bayon 20] 14 [Courier Prime Bold 25] DOOR OPENED [Plex Mono 13]	dark	1x	40, 880, 600 × 120	40, 880, 600 × 120	yes	yes
design/hud/A_L_state_missing_wallpaper_1x.png	A · 49×22	missing	one glyph, all zones	A_L_missing	LOCKED [Bayon 20] NEEDS KEY 14 [Plex Mono 13] + 4 px rule	wallpaper	1x	720, 512, 480 × 120	720, 512, 480 × 120	new	new
design/hud/A_L_state_missing_office_1x.png	A · 49×22	missing	one glyph, all zones	A_L_missing	LOCKED [Bayon 20] NEEDS KEY 14 [Plex Mono 13] + 4 px rule	office	1x	720, 512, 480 × 120	720, 512, 480 × 120	new	new
design/hud/A_L_state_missing_leaf_1x.png	A · 49×22	missing	one glyph, all zones	A_L_missing	LOCKED [Bayon 20] NEEDS KEY 14 [Plex Mono 13] + 4 px rule	leaf	1x	720, 512, 480 × 120	720, 512, 480 × 120	new	new
design/hud/C_state_held_lit_1x.png	C · plate	held	dark plate	C_dark_held	KEY [Bayon 20] 14 [Courier Prime Bold 25]	lit	1x	40, 880, 600 × 120	40, 880, 600 × 120	no	no
design/hud/C_state_other_lit_1x.png	C · plate	other	dark plate	C_dark_missing	KEY [Bayon 20] 14 [Courier Prime Bold 25] NOT THIS ZONE [Plex Mono 13]	lit	1x	40, 880, 600 × 120	40, 880, 600 × 120	yes	yes
design/hud/C_state_missing_lit_1x.png	C · plate	missing	dark plate	C_dark_missing	LOCKED [Bayon 20] NEEDS KEY 14 [Plex Mono 13] + 4 px rule	lit	1x	720, 512, 480 × 120	720, 512, 480 × 120	yes	yes
design/hud/C_state_used_lit_1x.png	C · plate	used	dark plate	C_dark_held @70%	KEY [Bayon 20] 14 [Courier Prime Bold 25] DOOR OPENED [Plex Mono 13]	lit	1x	40, 880, 600 × 120	40, 880, 600 × 120	yes	yes
design/hud/C_state_held_dark_1x.png	C · plate	held	dark plate	C_dark_held	KEY [Bayon 20] 14 [Courier Prime Bold 25]	dark	1x	40, 880, 600 × 120	40, 880, 600 × 120	no	no
design/hud/C_state_other_dark_1x.png	C · plate	other	dark plate	C_dark_missing	KEY [Bayon 20] 14 [Courier Prime Bold 25] NOT THIS ZONE [Plex Mono 13]	dark	1x	40, 880, 600 × 120	40, 880, 600 × 120	yes	yes
design/hud/C_state_missing_dark_1x.png	C · plate	missing	dark plate	C_dark_missing	LOCKED [Bayon 20] NEEDS KEY 14 [Plex Mono 13] + 4 px rule	dark	1x	720, 512, 480 × 120	720, 512, 480 × 120	yes	yes
design/hud/C_state_used_dark_1x.png	C · plate	used	dark plate	C_dark_held @70%	KEY [Bayon 20] 14 [Courier Prime Bold 25] DOOR OPENED [Plex Mono 13]	dark	1x	40, 880, 600 × 120	40, 880, 600 × 120	yes	yes
design/hud/C_state_missing_wallpaper_1x.png	C · plate	missing	dark plate	C_dark_missing	LOCKED [Bayon 20] NEEDS KEY 14 [Plex Mono 13] + 4 px rule	wallpaper	1x	720, 512, 480 × 120	720, 512, 480 × 120	new	new
design/hud/C_state_missing_office_1x.png	C · plate	missing	dark plate	C_dark_missing	LOCKED [Bayon 20] NEEDS KEY 14 [Plex Mono 13] + 4 px rule	office	1x	720, 512, 480 × 120	720, 512, 480 × 120	new	new
design/hud/C_state_missing_leaf_1x.png	C · plate	missing	dark plate	C_dark_missing	LOCKED [Bayon 20] NEEDS KEY 14 [Plex Mono 13] + 4 px rule	leaf	1x	720, 512, 480 × 120	720, 512, 480 × 120	new	new
design/hud/B_state_held_lit_1x.png	B · key on tag	held	rect tag · red · 14	B_rect_red_held	KEY [Bayon 20] 14 [Courier Prime Bold 25] OPENS DOORS OUT OF THIS ZONE [Plex Mono 13] + 4 px rule	lit	1x	40, 860, 600 × 120	40, 860, 600 × 120	no	no
design/hud/B_state_other_lit_1x.png	B · key on tag	other	rect tag · red · 14	B_rect_red_missing	KEY [Bayon 20] 14 [Courier Prime Bold 25] OPENS ZONE 14 ONLY [Plex Mono 13]	lit	1x	40, 860, 600 × 120	40, 860, 600 × 120	yes	yes
design/hud/B_state_missing_lit_1x.png	B · key on tag	missing	one glyph, all zones	A_L_missing	LOCKED [Bayon 20] NEEDS KEY 14 [Plex Mono 13] + 4 px rule	lit	1x	720, 512, 480 × 120	720, 512, 480 × 120	yes	yes
design/hud/B_state_used_lit_1x.png	B · key on tag	used	rect tag · red · 14	B_rect_red_held @70%	KEY [Bayon 20] 14 [Courier Prime Bold 25] DOOR OPENED [Plex Mono 13]	lit	1x	40, 860, 600 × 120	40, 860, 600 × 120	yes	yes
design/hud/B_state_held_dark_1x.png	B · key on tag	held	rect tag · red · 14	B_rect_red_held	KEY [Bayon 20] 14 [Courier Prime Bold 25] OPENS DOORS OUT OF THIS ZONE [Plex Mono 13] + 4 px rule	dark	1x	40, 860, 600 × 120	40, 860, 600 × 120	no	no
design/hud/B_state_other_dark_1x.png	B · key on tag	other	rect tag · red · 14	B_rect_red_missing	KEY [Bayon 20] 14 [Courier Prime Bold 25] OPENS ZONE 14 ONLY [Plex Mono 13]	dark	1x	40, 860, 600 × 120	40, 860, 600 × 120	yes	yes
design/hud/B_state_missing_dark_1x.png	B · key on tag	missing	one glyph, all zones	A_L_missing	LOCKED [Bayon 20] NEEDS KEY 14 [Plex Mono 13] + 4 px rule	dark	1x	720, 512, 480 × 120	720, 512, 480 × 120	yes	yes
design/hud/B_state_used_dark_1x.png	B · key on tag	used	rect tag · red · 14	B_rect_red_held @70%	KEY [Bayon 20] 14 [Courier Prime Bold 25] DOOR OPENED [Plex Mono 13]	dark	1x	40, 860, 600 × 120	40, 860, 600 × 120	yes	yes
design/hud/B_state_missing_wallpaper_1x.png	B · key on tag	missing	one glyph, all zones	A_L_missing	LOCKED [Bayon 20] NEEDS KEY 14 [Plex Mono 13] + 4 px rule	wallpaper	1x	720, 512, 480 × 120	720, 512, 480 × 120	new	new
design/hud/B_state_missing_office_1x.png	B · key on tag	missing	one glyph, all zones	A_L_missing	LOCKED [Bayon 20] NEEDS KEY 14 [Plex Mono 13] + 4 px rule	office	1x	720, 512, 480 × 120	720, 512, 480 × 120	new	new
design/hud/B_state_missing_leaf_1x.png	B · key on tag	missing	one glyph, all zones	A_L_missing	LOCKED [Bayon 20] NEEDS KEY 14 [Plex Mono 13] + 4 px rule	leaf	1x	720, 512, 480 × 120	720, 512, 480 × 120	new	new
design/hud/Achip_state_held_lit_1x.png	A + chip	held	rect tag · red	Achip_rect_red_held	KEY [Bayon 20] 14 [Courier Prime Bold 25]	lit	1x	40, 880, 600 × 120	40, 880, 600 × 120	yes	no
design/hud/Achip_state_other_lit_1x.png	A + chip	other	rect tag · red	Achip_rect_red_held @70%	KEY [Bayon 20] 14 [Courier Prime Bold 25] NOT THIS ZONE [Plex Mono 13]	lit	1x	40, 880, 600 × 120	40, 880, 600 × 120	yes	yes
design/hud/Achip_state_missing_lit_1x.png	A + chip	missing	one glyph, all zones	A_L_missing	LOCKED [Bayon 20] NEEDS KEY 14 [Plex Mono 13] + 4 px rule	lit	1x	720, 512, 480 × 120	720, 512, 480 × 120	yes	yes
design/hud/Achip_state_used_lit_1x.png	A + chip	used	rect tag · red	Achip_rect_red_held @70%	KEY [Bayon 20] 14 [Courier Prime Bold 25] DOOR OPENED [Plex Mono 13]	lit	1x	40, 880, 600 × 120	40, 880, 600 × 120	yes	yes
design/hud/Achip_state_held_dark_1x.png	A + chip	held	rect tag · red	Achip_rect_red_held	KEY [Bayon 20] 14 [Courier Prime Bold 25]	dark	1x	40, 880, 600 × 120	40, 880, 600 × 120	yes	no
design/hud/Achip_state_other_dark_1x.png	A + chip	other	rect tag · red	Achip_rect_red_held @70%	KEY [Bayon 20] 14 [Courier Prime Bold 25] NOT THIS ZONE [Plex Mono 13]	dark	1x	40, 880, 600 × 120	40, 880, 600 × 120	yes	yes
design/hud/Achip_state_missing_dark_1x.png	A + chip	missing	one glyph, all zones	A_L_missing	LOCKED [Bayon 20] NEEDS KEY 14 [Plex Mono 13] + 4 px rule	dark	1x	720, 512, 480 × 120	720, 512, 480 × 120	yes	yes
design/hud/Achip_state_used_dark_1x.png	A + chip	used	rect tag · red	Achip_rect_red_held @70%	KEY [Bayon 20] 14 [Courier Prime Bold 25] DOOR OPENED [Plex Mono 13]	dark	1x	40, 880, 600 × 120	40, 880, 600 × 120	yes	yes
design/hud/Achip_state_missing_wallpaper_1x.png	A + chip	missing	one glyph, all zones	A_L_missing	LOCKED [Bayon 20] NEEDS KEY 14 [Plex Mono 13] + 4 px rule	wallpaper	1x	720, 512, 480 × 120	720, 512, 480 × 120	new	new
design/hud/Achip_state_missing_office_1x.png	A + chip	missing	one glyph, all zones	A_L_missing	LOCKED [Bayon 20] NEEDS KEY 14 [Plex Mono 13] + 4 px rule	office	1x	720, 512, 480 × 120	720, 512, 480 × 120	new	new
design/hud/Achip_state_missing_leaf_1x.png	A + chip	missing	one glyph, all zones	A_L_missing	LOCKED [Bayon 20] NEEDS KEY 14 [Plex Mono 13] + 4 px rule	leaf	1x	720, 512, 480 × 120	720, 512, 480 × 120	new	new
design/hud/label_bayon_lit_1x.png	A · 49×22	held · label bayon	one glyph, all zones	A_L_held	KEY 14 [Bayon 20]	lit	1x	40, 920, 400 × 60	40, 920, 400 × 60	no	no
design/hud/label_bayon_lit_2x.png	A · 49×22	held · label bayon	one glyph, all zones	A_L_held	KEY 14 [Bayon 20]	lit	2x	40, 920, 400 × 60	80, 1840, 800 × 120	no	no
design/hud/label_bayon_dark_1x.png	A · 49×22	held · label bayon	one glyph, all zones	A_L_held	KEY 14 [Bayon 20]	dark	1x	40, 920, 400 × 60	40, 920, 400 × 60	no	no
design/hud/label_bayon_dark_2x.png	A · 49×22	held · label bayon	one glyph, all zones	A_L_held	KEY 14 [Bayon 20]	dark	2x	40, 920, 400 × 60	80, 1840, 800 × 120	no	no
design/hud/label_plex_lit_1x.png	A · 49×22	held · label plex	one glyph, all zones	A_L_held	KEY [Bayon 20] 14 [Plex Mono 20]	lit	1x	40, 920, 400 × 60	40, 920, 400 × 60	no	no
design/hud/label_plex_lit_2x.png	A · 49×22	held · label plex	one glyph, all zones	A_L_held	KEY [Bayon 20] 14 [Plex Mono 20]	lit	2x	40, 920, 400 × 60	80, 1840, 800 × 120	no	no
design/hud/label_plex_dark_1x.png	A · 49×22	held · label plex	one glyph, all zones	A_L_held	KEY [Bayon 20] 14 [Plex Mono 20]	dark	1x	40, 920, 400 × 60	40, 920, 400 × 60	no	no
design/hud/label_plex_dark_2x.png	A · 49×22	held · label plex	one glyph, all zones	A_L_held	KEY [Bayon 20] 14 [Plex Mono 20]	dark	2x	40, 920, 400 × 60	80, 1840, 800 × 120	no	no
design/hud/label_courier_lit_1x.png	A · 49×22	held · label courier	one glyph, all zones	A_L_held	KEY [Bayon 20] 14 [Courier Prime Bold 25]	lit	1x	40, 920, 400 × 60	40, 920, 400 × 60	no	no
design/hud/label_courier_lit_2x.png	A · 49×22	held · label courier	one glyph, all zones	A_L_held	KEY [Bayon 20] 14 [Courier Prime Bold 25]	lit	2x	40, 920, 400 × 60	80, 1840, 800 × 120	no	no
design/hud/label_courier_dark_1x.png	A · 49×22	held · label courier	one glyph, all zones	A_L_held	KEY [Bayon 20] 14 [Courier Prime Bold 25]	dark	1x	40, 920, 400 × 60	40, 920, 400 × 60	no	no
design/hud/label_courier_dark_2x.png	A · 49×22	held · label courier	one glyph, all zones	A_L_held	KEY [Bayon 20] 14 [Courier Prime Bold 25]	dark	2x	40, 920, 400 × 60	80, 1840, 800 × 120	no	no
design/hud/label_level_lit_1x.png	A · 49×22	held · label level	one glyph, all zones	A_L_held	LEVEL 0 KEY [Bayon 20]	lit	1x	40, 920, 400 × 60	40, 920, 400 × 60	no	no
design/hud/label_level_lit_2x.png	A · 49×22	held · label level	one glyph, all zones	A_L_held	LEVEL 0 KEY [Bayon 20]	lit	2x	40, 920, 400 × 60	80, 1840, 800 × 120	no	no
design/hud/label_level_dark_1x.png	A · 49×22	held · label level	one glyph, all zones	A_L_held	LEVEL 0 KEY [Bayon 20]	dark	1x	40, 920, 400 × 60	40, 920, 400 × 60	no	no
design/hud/label_level_dark_2x.png	A · 49×22	held · label level	one glyph, all zones	A_L_held	LEVEL 0 KEY [Bayon 20]	dark	2x	40, 920, 400 × 60	80, 1840, 800 × 120	no	no
design/hud/label_code_lit_1x.png	A · 49×22	held · label code	one glyph, all zones	A_L_held	LEVEL 0 / THE MAZE KEY [Bayon 20]	lit	1x	40, 920, 400 × 60	40, 920, 400 × 60	no	no
design/hud/label_code_lit_2x.png	A · 49×22	held · label code	one glyph, all zones	A_L_held	LEVEL 0 / THE MAZE KEY [Bayon 20]	lit	2x	40, 920, 400 × 60	80, 1840, 800 × 120	no	no
design/hud/label_code_dark_1x.png	A · 49×22	held · label code	one glyph, all zones	A_L_held	LEVEL 0 / THE MAZE KEY [Bayon 20]	dark	1x	40, 920, 400 × 60	40, 920, 400 × 60	no	no
design/hud/label_code_dark_2x.png	A · 49×22	held · label code	one glyph, all zones	A_L_held	LEVEL 0 / THE MAZE KEY [Bayon 20]	dark	2x	40, 920, 400 × 60	80, 1840, 800 × 120	no	no
design/hud/B_zone_rect_red_lit_1x.png	B · key on tag	held · zone	rect tag · red · 14	B_rect_red_held	KEY [Bayon 20] 14 [Courier Prime Bold 25] OPENS DOORS OUT OF THIS ZONE [Plex Mono 13] + 4 px rule	lit	1x	40, 860, 600 × 120	40, 860, 600 × 120	no	no
design/hud/B_zone_rect_blue_lit_1x.png	B · key on tag	held · zone	rect tag · blue · 14	B_rect_blue_held	KEY [Bayon 20] 14 [Courier Prime Bold 25] OPENS DOORS OUT OF THIS ZONE [Plex Mono 13] + 4 px rule	lit	1x	40, 860, 600 × 120	40, 860, 600 × 120	no	no
design/hud/B_zone_rect_white_lit_1x.png	B · key on tag	held · zone	rect tag · white · 14	B_rect_white_held	KEY [Bayon 20] 14 [Courier Prime Bold 25] OPENS DOORS OUT OF THIS ZONE [Plex Mono 13] + 4 px rule	lit	1x	40, 860, 600 × 120	40, 860, 600 × 120	no	no
design/hud/B_zone_round_red_lit_1x.png	B · key on tag	held · zone	round tag · red · 37	B_round_red_held	KEY [Bayon 20] 37 [Courier Prime Bold 25] OPENS DOORS OUT OF THIS ZONE [Plex Mono 13] + 4 px rule	lit	1x	40, 860, 600 × 120	40, 860, 600 × 120	no	no
design/hud/B_zone_round_blue_lit_1x.png	B · key on tag	held · zone	round tag · blue · 37	B_round_blue_held	KEY [Bayon 20] 37 [Courier Prime Bold 25] OPENS DOORS OUT OF THIS ZONE [Plex Mono 13] + 4 px rule	lit	1x	40, 860, 600 × 120	40, 860, 600 × 120	no	no
design/hud/B_zone_round_white_lit_1x.png	B · key on tag	held · zone	round tag · white · 37	B_round_white_held	KEY [Bayon 20] 37 [Courier Prime Bold 25] OPENS DOORS OUT OF THIS ZONE [Plex Mono 13] + 4 px rule	lit	1x	40, 860, 600 × 120	40, 860, 600 × 120	no	no
design/hud/B_zone_long_red_lit_1x.png	B · key on tag	held · zone	long tag · red · 08	B_long_red_held	KEY [Bayon 20] 08 [Courier Prime Bold 25] OPENS DOORS OUT OF THIS ZONE [Plex Mono 13] + 4 px rule	lit	1x	40, 860, 600 × 120	40, 860, 600 × 120	no	no
design/hud/B_zone_long_blue_lit_1x.png	B · key on tag	held · zone	long tag · blue · 08	B_long_blue_held	KEY [Bayon 20] 08 [Courier Prime Bold 25] OPENS DOORS OUT OF THIS ZONE [Plex Mono 13] + 4 px rule	lit	1x	40, 860, 600 × 120	40, 860, 600 × 120	no	no
design/hud/B_zone_long_white_lit_1x.png	B · key on tag	held · zone	long tag · white · 08	B_long_white_held	KEY [Bayon 20] 08 [Courier Prime Bold 25] OPENS DOORS OUT OF THIS ZONE [Plex Mono 13] + 4 px rule	lit	1x	40, 860, 600 × 120	40, 860, 600 × 120	no	no
design/hud/C_zone_dark_lit_1x.png	C · plate	held · zone	dark plate	C_dark_held	KEY [Bayon 20] 00 [Plex Mono 20]	lit	1x	40, 920, 400 × 60	40, 920, 400 × 60	no	no
design/hud/C_zone_red_lit_1x.png	C · plate	held · zone	red plate	C_red_held	KEY [Bayon 20] 14 [Plex Mono 20]	lit	1x	40, 920, 400 × 60	40, 920, 400 × 60	no	no
design/hud/C_zone_blue_lit_1x.png	C · plate	held · zone	blue plate	C_blue_held	KEY [Bayon 20] 37 [Plex Mono 20]	lit	1x	40, 920, 400 × 60	40, 920, 400 × 60	no	no
design/hud/C_zone_white_lit_1x.png	C · plate	held · zone	white plate	C_white_held	KEY [Bayon 20] 08 [Plex Mono 20]	lit	1x	40, 920, 400 × 60	40, 920, 400 × 60	no	no
design/hud/B_zone_rect_red_dark_1x.png	B · key on tag	held · zone	rect tag · red · 14	B_rect_red_held	KEY [Bayon 20] 14 [Courier Prime Bold 25] OPENS DOORS OUT OF THIS ZONE [Plex Mono 13] + 4 px rule	dark	1x	40, 860, 600 × 120	40, 860, 600 × 120	no	no
design/hud/B_zone_rect_blue_dark_1x.png	B · key on tag	held · zone	rect tag · blue · 14	B_rect_blue_held	KEY [Bayon 20] 14 [Courier Prime Bold 25] OPENS DOORS OUT OF THIS ZONE [Plex Mono 13] + 4 px rule	dark	1x	40, 860, 600 × 120	40, 860, 600 × 120	no	no
design/hud/B_zone_rect_white_dark_1x.png	B · key on tag	held · zone	rect tag · white · 14	B_rect_white_held	KEY [Bayon 20] 14 [Courier Prime Bold 25] OPENS DOORS OUT OF THIS ZONE [Plex Mono 13] + 4 px rule	dark	1x	40, 860, 600 × 120	40, 860, 600 × 120	no	no
design/hud/B_zone_round_red_dark_1x.png	B · key on tag	held · zone	round tag · red · 37	B_round_red_held	KEY [Bayon 20] 37 [Courier Prime Bold 25] OPENS DOORS OUT OF THIS ZONE [Plex Mono 13] + 4 px rule	dark	1x	40, 860, 600 × 120	40, 860, 600 × 120	no	no
design/hud/B_zone_round_blue_dark_1x.png	B · key on tag	held · zone	round tag · blue · 37	B_round_blue_held	KEY [Bayon 20] 37 [Courier Prime Bold 25] OPENS DOORS OUT OF THIS ZONE [Plex Mono 13] + 4 px rule	dark	1x	40, 860, 600 × 120	40, 860, 600 × 120	no	no
design/hud/B_zone_round_white_dark_1x.png	B · key on tag	held · zone	round tag · white · 37	B_round_white_held	KEY [Bayon 20] 37 [Courier Prime Bold 25] OPENS DOORS OUT OF THIS ZONE [Plex Mono 13] + 4 px rule	dark	1x	40, 860, 600 × 120	40, 860, 600 × 120	no	no
design/hud/B_zone_long_red_dark_1x.png	B · key on tag	held · zone	long tag · red · 08	B_long_red_held	KEY [Bayon 20] 08 [Courier Prime Bold 25] OPENS DOORS OUT OF THIS ZONE [Plex Mono 13] + 4 px rule	dark	1x	40, 860, 600 × 120	40, 860, 600 × 120	no	no
design/hud/B_zone_long_blue_dark_1x.png	B · key on tag	held · zone	long tag · blue · 08	B_long_blue_held	KEY [Bayon 20] 08 [Courier Prime Bold 25] OPENS DOORS OUT OF THIS ZONE [Plex Mono 13] + 4 px rule	dark	1x	40, 860, 600 × 120	40, 860, 600 × 120	no	no
design/hud/B_zone_long_white_dark_1x.png	B · key on tag	held · zone	long tag · white · 08	B_long_white_held	KEY [Bayon 20] 08 [Courier Prime Bold 25] OPENS DOORS OUT OF THIS ZONE [Plex Mono 13] + 4 px rule	dark	1x	40, 860, 600 × 120	40, 860, 600 × 120	no	no
design/hud/C_zone_dark_dark_1x.png	C · plate	held · zone	dark plate	C_dark_held	KEY [Bayon 20] 00 [Plex Mono 20]	dark	1x	40, 920, 400 × 60	40, 920, 400 × 60	no	no
design/hud/C_zone_red_dark_1x.png	C · plate	held · zone	red plate	C_red_held	KEY [Bayon 20] 14 [Plex Mono 20]	dark	1x	40, 920, 400 × 60	40, 920, 400 × 60	no	no
design/hud/C_zone_blue_dark_1x.png	C · plate	held · zone	blue plate	C_blue_held	KEY [Bayon 20] 37 [Plex Mono 20]	dark	1x	40, 920, 400 × 60	40, 920, 400 × 60	no	no
design/hud/C_zone_white_dark_1x.png	C · plate	held · zone	white plate	C_white_held	KEY [Bayon 20] 08 [Plex Mono 20]	dark	1x	40, 920, 400 × 60	40, 920, 400 × 60	no	no
design/hud/Achip_zone_rect_red_lit_1x.png	A + chip	held · zone	rect tag · red	Achip_rect_red_held	KEY [Bayon 20] 14 [Courier Prime Bold 25]	lit	1x	40, 920, 400 × 60	40, 920, 400 × 60	yes	no
design/hud/Achip_zone_rect_red_lit_2x.png	A + chip	held · zone	rect tag · red	Achip_rect_red_held	KEY [Bayon 20] 14 [Courier Prime Bold 25]	lit	2x	40, 920, 400 × 60	80, 1840, 800 × 120	yes	no
design/hud/Achip_zone_rect_blue_lit_1x.png	A + chip	held · zone	rect tag · blue	Achip_rect_blue_held	KEY [Bayon 20] 14 [Courier Prime Bold 25]	lit	1x	40, 920, 400 × 60	40, 920, 400 × 60	yes	no
design/hud/Achip_zone_rect_blue_lit_2x.png	A + chip	held · zone	rect tag · blue	Achip_rect_blue_held	KEY [Bayon 20] 14 [Courier Prime Bold 25]	lit	2x	40, 920, 400 × 60	80, 1840, 800 × 120	yes	no
design/hud/Achip_zone_rect_white_lit_1x.png	A + chip	held · zone	rect tag · white	Achip_rect_white_held	KEY [Bayon 20] 14 [Courier Prime Bold 25]	lit	1x	40, 920, 400 × 60	40, 920, 400 × 60	yes	no
design/hud/Achip_zone_rect_white_lit_2x.png	A + chip	held · zone	rect tag · white	Achip_rect_white_held	KEY [Bayon 20] 14 [Courier Prime Bold 25]	lit	2x	40, 920, 400 × 60	80, 1840, 800 × 120	yes	no
design/hud/Achip_zone_round_red_lit_1x.png	A + chip	held · zone	round tag · red	Achip_round_red_held	KEY [Bayon 20] 37 [Courier Prime Bold 25]	lit	1x	40, 920, 400 × 60	40, 920, 400 × 60	yes	no
design/hud/Achip_zone_round_red_lit_2x.png	A + chip	held · zone	round tag · red	Achip_round_red_held	KEY [Bayon 20] 37 [Courier Prime Bold 25]	lit	2x	40, 920, 400 × 60	80, 1840, 800 × 120	yes	no
design/hud/Achip_zone_round_blue_lit_1x.png	A + chip	held · zone	round tag · blue	Achip_round_blue_held	KEY [Bayon 20] 37 [Courier Prime Bold 25]	lit	1x	40, 920, 400 × 60	40, 920, 400 × 60	yes	no
design/hud/Achip_zone_round_blue_lit_2x.png	A + chip	held · zone	round tag · blue	Achip_round_blue_held	KEY [Bayon 20] 37 [Courier Prime Bold 25]	lit	2x	40, 920, 400 × 60	80, 1840, 800 × 120	yes	no
design/hud/Achip_zone_round_white_lit_1x.png	A + chip	held · zone	round tag · white	Achip_round_white_held	KEY [Bayon 20] 37 [Courier Prime Bold 25]	lit	1x	40, 920, 400 × 60	40, 920, 400 × 60	yes	no
design/hud/Achip_zone_round_white_lit_2x.png	A + chip	held · zone	round tag · white	Achip_round_white_held	KEY [Bayon 20] 37 [Courier Prime Bold 25]	lit	2x	40, 920, 400 × 60	80, 1840, 800 × 120	yes	no
design/hud/Achip_zone_long_red_lit_1x.png	A + chip	held · zone	long tag · red	Achip_long_red_held	KEY [Bayon 20] 08 [Courier Prime Bold 25]	lit	1x	40, 920, 400 × 60	40, 920, 400 × 60	yes	no
design/hud/Achip_zone_long_red_lit_2x.png	A + chip	held · zone	long tag · red	Achip_long_red_held	KEY [Bayon 20] 08 [Courier Prime Bold 25]	lit	2x	40, 920, 400 × 60	80, 1840, 800 × 120	yes	no
design/hud/Achip_zone_long_blue_lit_1x.png	A + chip	held · zone	long tag · blue	Achip_long_blue_held	KEY [Bayon 20] 08 [Courier Prime Bold 25]	lit	1x	40, 920, 400 × 60	40, 920, 400 × 60	yes	no
design/hud/Achip_zone_long_blue_lit_2x.png	A + chip	held · zone	long tag · blue	Achip_long_blue_held	KEY [Bayon 20] 08 [Courier Prime Bold 25]	lit	2x	40, 920, 400 × 60	80, 1840, 800 × 120	yes	no
design/hud/Achip_zone_long_white_lit_1x.png	A + chip	held · zone	long tag · white	Achip_long_white_held	KEY [Bayon 20] 08 [Courier Prime Bold 25]	lit	1x	40, 920, 400 × 60	40, 920, 400 × 60	yes	no
design/hud/Achip_zone_long_white_lit_2x.png	A + chip	held · zone	long tag · white	Achip_long_white_held	KEY [Bayon 20] 08 [Courier Prime Bold 25]	lit	2x	40, 920, 400 × 60	80, 1840, 800 × 120	yes	no
design/hud/Achip_zone_rect_red_dark_1x.png	A + chip	held · zone	rect tag · red	Achip_rect_red_held	KEY [Bayon 20] 14 [Courier Prime Bold 25]	dark	1x	40, 920, 400 × 60	40, 920, 400 × 60	yes	no
design/hud/Achip_zone_rect_red_dark_2x.png	A + chip	held · zone	rect tag · red	Achip_rect_red_held	KEY [Bayon 20] 14 [Courier Prime Bold 25]	dark	2x	40, 920, 400 × 60	80, 1840, 800 × 120	yes	no
design/hud/Achip_zone_rect_blue_dark_1x.png	A + chip	held · zone	rect tag · blue	Achip_rect_blue_held	KEY [Bayon 20] 14 [Courier Prime Bold 25]	dark	1x	40, 920, 400 × 60	40, 920, 400 × 60	yes	no
design/hud/Achip_zone_rect_blue_dark_2x.png	A + chip	held · zone	rect tag · blue	Achip_rect_blue_held	KEY [Bayon 20] 14 [Courier Prime Bold 25]	dark	2x	40, 920, 400 × 60	80, 1840, 800 × 120	yes	no
design/hud/Achip_zone_rect_white_dark_1x.png	A + chip	held · zone	rect tag · white	Achip_rect_white_held	KEY [Bayon 20] 14 [Courier Prime Bold 25]	dark	1x	40, 920, 400 × 60	40, 920, 400 × 60	yes	no
design/hud/Achip_zone_rect_white_dark_2x.png	A + chip	held · zone	rect tag · white	Achip_rect_white_held	KEY [Bayon 20] 14 [Courier Prime Bold 25]	dark	2x	40, 920, 400 × 60	80, 1840, 800 × 120	yes	no
design/hud/Achip_zone_round_red_dark_1x.png	A + chip	held · zone	round tag · red	Achip_round_red_held	KEY [Bayon 20] 37 [Courier Prime Bold 25]	dark	1x	40, 920, 400 × 60	40, 920, 400 × 60	yes	no
design/hud/Achip_zone_round_red_dark_2x.png	A + chip	held · zone	round tag · red	Achip_round_red_held	KEY [Bayon 20] 37 [Courier Prime Bold 25]	dark	2x	40, 920, 400 × 60	80, 1840, 800 × 120	yes	no
design/hud/Achip_zone_round_blue_dark_1x.png	A + chip	held · zone	round tag · blue	Achip_round_blue_held	KEY [Bayon 20] 37 [Courier Prime Bold 25]	dark	1x	40, 920, 400 × 60	40, 920, 400 × 60	yes	no
design/hud/Achip_zone_round_blue_dark_2x.png	A + chip	held · zone	round tag · blue	Achip_round_blue_held	KEY [Bayon 20] 37 [Courier Prime Bold 25]	dark	2x	40, 920, 400 × 60	80, 1840, 800 × 120	yes	no
design/hud/Achip_zone_round_white_dark_1x.png	A + chip	held · zone	round tag · white	Achip_round_white_held	KEY [Bayon 20] 37 [Courier Prime Bold 25]	dark	1x	40, 920, 400 × 60	40, 920, 400 × 60	yes	no
design/hud/Achip_zone_round_white_dark_2x.png	A + chip	held · zone	round tag · white	Achip_round_white_held	KEY [Bayon 20] 37 [Courier Prime Bold 25]	dark	2x	40, 920, 400 × 60	80, 1840, 800 × 120	yes	no
design/hud/Achip_zone_long_red_dark_1x.png	A + chip	held · zone	long tag · red	Achip_long_red_held	KEY [Bayon 20] 08 [Courier Prime Bold 25]	dark	1x	40, 920, 400 × 60	40, 920, 400 × 60	yes	no
design/hud/Achip_zone_long_red_dark_2x.png	A + chip	held · zone	long tag · red	Achip_long_red_held	KEY [Bayon 20] 08 [Courier Prime Bold 25]	dark	2x	40, 920, 400 × 60	80, 1840, 800 × 120	yes	no
design/hud/Achip_zone_long_blue_dark_1x.png	A + chip	held · zone	long tag · blue	Achip_long_blue_held	KEY [Bayon 20] 08 [Courier Prime Bold 25]	dark	1x	40, 920, 400 × 60	40, 920, 400 × 60	yes	no
design/hud/Achip_zone_long_blue_dark_2x.png	A + chip	held · zone	long tag · blue	Achip_long_blue_held	KEY [Bayon 20] 08 [Courier Prime Bold 25]	dark	2x	40, 920, 400 × 60	80, 1840, 800 × 120	yes	no
design/hud/Achip_zone_long_white_dark_1x.png	A + chip	held · zone	long tag · white	Achip_long_white_held	KEY [Bayon 20] 08 [Courier Prime Bold 25]	dark	1x	40, 920, 400 × 60	40, 920, 400 × 60	yes	no
design/hud/Achip_zone_long_white_dark_2x.png	A + chip	held · zone	long tag · white	Achip_long_white_held	KEY [Bayon 20] 08 [Courier Prime Bold 25]	dark	2x	40, 920, 400 × 60	80, 1840, 800 × 120	yes	no
design/hud/A_S_fullframe_lit.jpg	A · 40×22	held · full 1080p frame	one glyph, all zones	A_S_held	LEVEL 0 KEY [Bayon 20]	lit	1x	0, 0, 1920 × 1080	0, 0, 1920 × 1080	no	no
design/hud/A_S_fullframe_wallpaper.jpg	A · 40×22	held · full 1080p frame	one glyph, all zones	A_S_held	LEVEL 0 KEY [Bayon 20]	wallpaper	1x	0, 0, 1920 × 1080	0, 0, 1920 × 1080	no	no
design/hud/A_S_fullframe_office.jpg	A · 40×22	held · full 1080p frame	one glyph, all zones	A_S_held	LEVEL 0 KEY [Bayon 20]	office	1x	0, 0, 1920 × 1080	0, 0, 1920 × 1080	no	no
design/hud/A_S_fullframe_dark.jpg	A · 40×22	held · full 1080p frame	one glyph, all zones	A_S_held	LEVEL 0 KEY [Bayon 20]	dark	1x	0, 0, 1920 × 1080	0, 0, 1920 × 1080	no	no
design/hud/A_L_fullframe_lit.jpg	A · 49×22	held · full 1080p frame	one glyph, all zones	A_L_held	LEVEL 0 KEY [Bayon 20]	lit	1x	0, 0, 1920 × 1080	0, 0, 1920 × 1080	no	no
design/hud/A_L_fullframe_wallpaper.jpg	A · 49×22	held · full 1080p frame	one glyph, all zones	A_L_held	LEVEL 0 KEY [Bayon 20]	wallpaper	1x	0, 0, 1920 × 1080	0, 0, 1920 × 1080	no	no
design/hud/A_L_fullframe_office.jpg	A · 49×22	held · full 1080p frame	one glyph, all zones	A_L_held	LEVEL 0 KEY [Bayon 20]	office	1x	0, 0, 1920 × 1080	0, 0, 1920 × 1080	no	no
design/hud/A_L_fullframe_dark.jpg	A · 49×22	held · full 1080p frame	one glyph, all zones	A_L_held	LEVEL 0 KEY [Bayon 20]	dark	1x	0, 0, 1920 × 1080	0, 0, 1920 × 1080	no	no
design/hud/C_fullframe_lit.jpg	C · plate	held · full 1080p frame	dark plate	C_dark_held	LEVEL 0 KEY [Bayon 20]	lit	1x	0, 0, 1920 × 1080	0, 0, 1920 × 1080	no	no
design/hud/C_fullframe_wallpaper.jpg	C · plate	held · full 1080p frame	dark plate	C_dark_held	LEVEL 0 KEY [Bayon 20]	wallpaper	1x	0, 0, 1920 × 1080	0, 0, 1920 × 1080	no	no
design/hud/C_fullframe_office.jpg	C · plate	held · full 1080p frame	dark plate	C_dark_held	LEVEL 0 KEY [Bayon 20]	office	1x	0, 0, 1920 × 1080	0, 0, 1920 × 1080	no	no
design/hud/C_fullframe_dark.jpg	C · plate	held · full 1080p frame	dark plate	C_dark_held	LEVEL 0 KEY [Bayon 20]	dark	1x	0, 0, 1920 × 1080	0, 0, 1920 × 1080	no	no
design/hud/B_fullframe_lit.jpg	B · key on tag	held · full 1080p frame	rect tag · red · 14	B_rect_red_held	LEVEL 0 KEY [Bayon 20] OPENS DOORS OUT OF THIS ZONE [Plex Mono 13] + 4 px rule	lit	1x	0, 0, 1920 × 1080	0, 0, 1920 × 1080	no	no
design/hud/B_fullframe_wallpaper.jpg	B · key on tag	held · full 1080p frame	rect tag · red · 14	B_rect_red_held	LEVEL 0 KEY [Bayon 20] OPENS DOORS OUT OF THIS ZONE [Plex Mono 13] + 4 px rule	wallpaper	1x	0, 0, 1920 × 1080	0, 0, 1920 × 1080	no	no
design/hud/B_fullframe_office.jpg	B · key on tag	held · full 1080p frame	rect tag · red · 14	B_rect_red_held	LEVEL 0 KEY [Bayon 20] OPENS DOORS OUT OF THIS ZONE [Plex Mono 13] + 4 px rule	office	1x	0, 0, 1920 × 1080	0, 0, 1920 × 1080	no	no
design/hud/B_fullframe_dark.jpg	B · key on tag	held · full 1080p frame	rect tag · red · 14	B_rect_red_held	LEVEL 0 KEY [Bayon 20] OPENS DOORS OUT OF THIS ZONE [Plex Mono 13] + 4 px rule	dark	1x	0, 0, 1920 × 1080	0, 0, 1920 × 1080	no	no
design/hud/Achip_fullframe_lit.jpg	A + chip	held · full 1080p frame	rect tag · red	Achip_rect_red_held	KEY [Bayon 20] 14 [Courier Prime Bold 25]	lit	1x	0, 0, 1920 × 1080	0, 0, 1920 × 1080	yes	no
design/hud/Achip_fullframe_wallpaper.jpg	A + chip	held · full 1080p frame	rect tag · red	Achip_rect_red_held	KEY [Bayon 20] 14 [Courier Prime Bold 25]	wallpaper	1x	0, 0, 1920 × 1080	0, 0, 1920 × 1080	yes	no
design/hud/Achip_fullframe_office.jpg	A + chip	held · full 1080p frame	rect tag · red	Achip_rect_red_held	KEY [Bayon 20] 14 [Courier Prime Bold 25]	office	1x	0, 0, 1920 × 1080	0, 0, 1920 × 1080	yes	no
design/hud/Achip_fullframe_dark.jpg	A + chip	held · full 1080p frame	rect tag · red	Achip_rect_red_held	KEY [Bayon 20] 14 [Courier Prime Bold 25]	dark	1x	0, 0, 1920 × 1080	0, 0, 1920 × 1080	yes	no
design/hud/A_L_fullframe_target_wallpaper.jpg	A · 49×22	held · KEY 14 · full 1080p frame (board 10 hero)	one glyph, all zones	A_L_held	KEY [Bayon 20] 14 [Courier Prime Bold 25]	wallpaper	1x	0, 0, 1920 × 1080	0, 0, 1920 × 1080	new	new
design/hud/live_code_lit_1x.png	live / steps	today in main	-	live HUD_KeyGlyph.png	LEVEL 0 / THE MAZE KEY [Bayon 20]	lit	1x	40, 920, 400 × 60	40, 920, 400 × 60	no	n/a (composites_live.py)
design/hud/live_code_dark_1x.png	live / steps	today in main	-	live HUD_KeyGlyph.png	LEVEL 0 / THE MAZE KEY [Bayon 20]	dark	1x	40, 920, 400 × 60	40, 920, 400 × 60	no	n/a (composites_live.py)
design/hud/live_code_wallpaper_1x.png	live / steps	today in main	-	live HUD_KeyGlyph.png	LEVEL 0 / THE MAZE KEY [Bayon 20]	wallpaper	1x	40, 920, 400 × 60	40, 920, 400 × 60	no	n/a (composites_live.py)
design/hud/cmp_live_wallpaper_1x.png	live / steps	step 0 · today	-	live HUD_KeyGlyph.png	LEVEL 0 / THE MAZE KEY [Bayon 20]	wallpaper	1x	40, 880, 600 × 120	40, 880, 600 × 120	no	n/a (composites_live.py)
design/hud/cmp_dropin_wallpaper_1x.png	live / steps	step 1 · drop-in	-	dropin/slot_40x22 (= A_S_held)	LEVEL 0 / THE MAZE KEY [Bayon 20]	wallpaper	1x	40, 880, 600 × 120	40, 880, 600 × 120	no	n/a (composites_live.py)
design/hud/cmp_target_wallpaper_1x.png	live / steps	step 2 · target	-	A_L_held	KEY [Bayon 20] 14 [Courier Prime Bold 25]	wallpaper	1x	40, 880, 600 × 120	40, 880, 600 × 120	no	n/a (composites_live.py)
design/hud/phone_today_held_wallpaper_3x.jpg	phone · TestFlight today	held	-	live HUD_KeyGlyph.png stretched x3	LEVEL 0 / THE MAZE KEY [Bayon 11]	wallpaper	@3x	874 × 402 pt	0, 0, 2622 × 1206	new	n/a (phone)
design/hud/phone_target_held_wallpaper_3x.jpg	phone · proposal (A_L)	held	-	A_L_held	KEY [Bayon 17] 14 [Courier Prime Bold 21]	wallpaper	@3x	874 × 402 pt	0, 0, 2622 × 1206	new	n/a (phone)
design/hud/phone_target_held_lit_3x.jpg	phone · proposal (A_L)	held	-	A_L_held	KEY [Bayon 17] 14 [Courier Prime Bold 21]	lit	@3x	874 × 402 pt	0, 0, 2622 × 1206	new	n/a (phone)
design/hud/phone_today_locked_leaf_3x.jpg	phone · TestFlight today	locked	-	live HUD_KeyGlyph.png stretched x3	LOCKED · NEEDS THIS ZONE'S KEY [Bayon 17]	leaf	@3x	874 × 402 pt	0, 0, 2622 × 1206	new	n/a (phone)
design/hud/phone_target_locked_leaf_3x.jpg	phone · proposal (A_L)	locked	-	A_L_missing	LOCKED [Bayon 17] + NEEDS KEY 14 [Plex Mono 11] on #141414 90 %	leaf	@3x	874 × 402 pt	0, 0, 2622 × 1206	new	n/a (phone)
design/hud/phone_target_locked_dark_3x.jpg	phone · proposal (A_L)	locked	-	A_L_missing	LOCKED [Bayon 17] + NEEDS KEY 14 [Plex Mono 11] on #141414 90 %	dark	@3x	874 × 402 pt	0, 0, 2622 × 1206	new	n/a (phone)
