path	action	payload_sha1 (W/int_work/fix/payload)	main_base_sha1 (main 22bb75f, 2026-10-08 00:xx)	main_meta_guid (keep)	note
Assets/Resources/Props/Models/Kit_DoorCloser_Arm.fbx	PROMOTE	ac89f0f3bb88e4932a08ab361c919bd30b430b1c	7ee82570c508d0219ee5b7d08647eca76f92d9e3	23c8502878cc642e6a6b3ee11157df5d	content changed
Assets/Resources/Props/Models/Kit_DoorCloser_Arm.json	PROMOTE	341afea9d121e23d6195120bf682c0f0b54041f8	e5b8b2062aa1bfa60b030214dd17d3f8313b2904	a8e743e530f214e1a9bf094d5d8f016c	sidecar changed
Assets/Resources/Props/Models/Kit_DoorCloser_Body.fbx	PROMOTE	a08024e5b106a60e3644af8e6e09fbc0602779de	a2f375742f880d23533628199e709f8afc0ca260	e18f863f9a85646aea2a367d40c71a95	content changed
Assets/Resources/Props/Models/Kit_DoorCloser_Body.json	PROMOTE	cb8639982a88c10a09cf54642aa3bf57f16a80fc	029b130dddeadd142ca11691564e9084eb04308b	b2fe1d07fdf0c40399c94219dd21e3fd	sidecar changed
Assets/Resources/Props/Models/Kit_DoorCloser_Forearm.fbx	PROMOTE	dac97ca4e080263a9d21401a4f730b222f3ca1e6	b24d656be23674327db61f76e63c8a688ef6a7ad	d93c9e51d660042328a0eabd6732c095	content changed
Assets/Resources/Props/Models/Kit_DoorCloser_Forearm.json	PROMOTE	4997709810d77a74e2e90665a5fc1b0376e0f511	df9b043d1a30c11bd8b64980da3fb182d75a193d	8cda0f4f8295d4bc1bf5b27078ffc72e	sidecar changed
Assets/Resources/Props/Models/Kit_DoorCloser_Shoe.fbx	PROMOTE	3a67b733c64f294d4e0f81ad086aa975b91b68c0	2bf555cfe3384aa9184bcf96a595814c2f0e49e9	03076aba018b44d54b80bb135d3a8922	content changed
Assets/Resources/Props/Models/Kit_DoorCloser_Shoe.json	PROMOTE	23f7d03207f46a2b655c58994b99f09402e907cc	25033df46d0c83adb058069162aa22de5aa59472	2b0ca5399eb2c4a3a9af7c06e7b73f99	sidecar changed
Assets/Resources/Props/Models/Kit_DoorFrame_Steel.fbx	PROMOTE	f19ad102d6369d21e3af0a0b7dd637ed42a36183	d45236086b6b18fdd2fd428f4296ef385c7bd5ad	099280317f21d4ed7a84fa0242e47608	content changed
Assets/Resources/Props/Models/Kit_DoorFrame_Steel.json	PROMOTE	5ab0545deaaf6480d6ebb92c2a6bfc9304369cff	0f91063b08a442e21e6eea44fa4cfe945d416f55	6d7c1f71bf429410fbb75d58a54af4d2	sidecar changed
Assets/Resources/Props/Models/Kit_DoorFrame_Steel_Alu.fbx	PROMOTE	216c41a5a06e8f5a3ce8b9bf3f4676c71846f935	89f4bd726c405ffb595dd51a9a301a66e76f7856	f8ec37229f24748228d140cbafb393de	content changed
Assets/Resources/Props/Models/Kit_DoorFrame_Steel_Alu.json	PROMOTE	d92556b168fb8c77fad0294b39cfa46fb9978267	2b7176fb67626008f7ce75c036539494901193b8	67f8aac8bd3924e16879ed1a7d4402ae	sidecar changed
Assets/Resources/Props/Models/Kit_DoorFrame_Wood.fbx	PROMOTE	cb469c1431d99492f082fc3c76f3761ed87e194c	443f898b5e6429a61800b04953500740df211e1d	bcecb5c4705ee43b1b6cbc195f73dd32	content changed
Assets/Resources/Props/Models/Kit_DoorFrame_Wood.json	keep	eced0178f239402f789f74a3f3492d6825ac7de2	eced0178f239402f789f74a3f3492d6825ac7de2	654d1c325384c46beb6055246116c24c	identical
Assets/Resources/Props/Models/Kit_DoorLeaf_Steel.fbx	keep	b151713f81e7db83b9dd7f70a9c538a992e2315c	a4812c84cff24e06c30e9337ba05533a5094587a	0f04d403ea7634d2bbb36c3b6f582247	same content (FBX header timestamps only): keep main's
Assets/Resources/Props/Models/Kit_DoorLeaf_Steel.json	keep	600dc813904137aeb9f4d7af294fbea6dd417d2e	600dc813904137aeb9f4d7af294fbea6dd417d2e	734dadc2035594075854ca9acf496274	identical
Assets/Resources/Props/Models/Kit_DoorLeaf_SteelLite.fbx	keep	44c9143477abe9207fc6eaa9c7b6ed610c87306e	46aed89053228a8bdc7d9faa18fb1cd0c805203e	4e15e97462bec4818986d49e34b209c7	same content (FBX header timestamps only): keep main's
Assets/Resources/Props/Models/Kit_DoorLeaf_SteelLite.json	keep	62de8075dd2fc6ab82cf7d739f9130d92cce8e4d	62de8075dd2fc6ab82cf7d739f9130d92cce8e4d	74065beec3e364bf6a83cbd8807765c4	identical
Assets/Resources/Props/Models/Kit_DoorLeaf_Steel_PaintedMetal.fbx	keep	00715298389661ecc92b4fd6286e0f18049f89ff	7dbe19a147acac8c5a6f090833bc92885cb39e1c	27f82ba6f8bae4d81bc3a44a49b85def	same content (FBX header timestamps only): keep main's
Assets/Resources/Props/Models/Kit_DoorLeaf_Steel_PaintedMetal.json	keep	5b2079f8618db967ef9a7c231b1021715de7e9d6	5b2079f8618db967ef9a7c231b1021715de7e9d6	d6fef6046a8ff4fcf841aad69baf666c	identical
Assets/Resources/Props/Models/Kit_DoorLeaf_Veneer.fbx	keep	87bb7a5e71d6b88fe4c479ea964cf300c5c80665	d537920fb2f0233783402e9b2288ea22b4d696c7	fbb6e0d8baccf4f62ac581cad7046f59	same content (FBX header timestamps only): keep main's
Assets/Resources/Props/Models/Kit_DoorLeaf_Veneer.json	keep	6f8e108aabf8182c0e6a492061017bc234effd23	6f8e108aabf8182c0e6a492061017bc234effd23	6791741694f0c4d32aabca4db40936c7	identical
Assets/Resources/Props/Models/Kit_DoorLeaf_Veneer_Oak.fbx	PROMOTE	7f739bc5134767714fdf8428d2c46db8bb7aca38	9f2c3a31012479c453b2843e4b73923c2571a1a7	016ec128d08744905b62a0146d7fdcc8	content changed
Assets/Resources/Props/Models/Kit_DoorLeaf_Veneer_Oak.json	PROMOTE	d13ec77bcae688e0f5ddf8daec6ee7c0326d2119	fbc3f3a2d040a244ba7a7bb6bb2a931cfcb955d4	56dcc68d4f4074c10aa5cce7104ec694	sidecar changed
Assets/Resources/Props/Models/Kit_DoorLeaf_Ward.fbx	PROMOTE	b93701b84ff6590f61139b8ea45617c3c2a91c5f	6a58ff2bd209ae9b2ead6419bd43c0f0425c98dd	435700f5271484a0bb45e252c0d0634c	content changed
Assets/Resources/Props/Models/Kit_DoorLeaf_Ward.json	PROMOTE	d5c6d0e9532e23c0fba1308b0d987b8eb2548333	44dc5a37fcafdefad9034e0e69cd44c953a5d096	2b4767223c1684f5e87ee11490ab995d	sidecar changed
Assets/Resources/Props/Models/Kit_DoorNumberPlate.fbx	PROMOTE	75b30fb13b030a00d57ad6153dba8e5c3ae0d2d9	07424526332df2fbc979a8f69ecb9f7c37f76487	bd064aac0d25640b8bd92b4b9c3611ff	content changed
Assets/Resources/Props/Models/Kit_DoorNumberPlate.json	PROMOTE	c22beae6751df8073f2f661ed2831c96b8788252	94f8400db4e8490218dcb7fb20eba9831668e19a	1c9248c9371dc476ba9ffd5ca8a406c3	sidecar changed
Assets/Resources/Props/Models/Kit_DoorNumberPlate_Blue.fbx	PROMOTE	d4db7b7497e4ca647bfa212c4e3abb3f468444c4	a2c31a6d973ae885a6bf7ce57ec6c2454f5adc28	c5c1ee42177734353b30644d69b39540	content changed
Assets/Resources/Props/Models/Kit_DoorNumberPlate_Blue.json	PROMOTE	e45ecffda3d8c2fe29c3d474d435b16329a60ec7	6aa4f2373947b945f9780ea4900179b8f355ddd2	858f58e50d1c64224a2be41b2479da3a	sidecar changed
Assets/Resources/Props/Models/Kit_DoorNumberPlate_White.fbx	PROMOTE	80e206bcedc4b967a0c64da9de49b39663e682f6	6e5d195a80af92564f03ad1ba014be2d1f8b6cf4	819657d15e8b84f8d865dffbe57d970c	content changed
Assets/Resources/Props/Models/Kit_DoorNumberPlate_White.json	PROMOTE	b308a61fdf6c6d6279084441f98326c95bf7699d	d200d44fe49706950efe08d5389fa738639df148	26484bd3a60394f48ade71704efc8646	sidecar changed
Assets/Resources/Props/Models/Kit_DoorSign.fbx	PROMOTE	f548487db3e008ae417fc5a487b6bc24f15efa93	ac49d16ba8844164a43ea9d0e336a95ec34b668c	092161d00c42a4446bf28e882291aa99	content changed
Assets/Resources/Props/Models/Kit_DoorSign.json	PROMOTE	8a15594f98dc2946a8abc4d49645b03f268f1167	9834a72ec1f51eb93dcba8fbdfe39ca04ea3c4a2	bc8a2369ff86d47f49c9bca51892e369	sidecar changed
Assets/Resources/Props/Models/Kit_ExitDevice_Crossbar.fbx	PROMOTE	efba691f35dd55a70b722781f76e20ec57a24993	28d6297b0e2490312aec7d7d39204200801f9c57	8a76ea7d870184e198a0fe791d261cbc	content changed
Assets/Resources/Props/Models/Kit_ExitDevice_Crossbar.json	PROMOTE	3ea5975a385bf2b4e62a3e30d972e51d97ba2547	e2664aa4da5862a809acceeb84c9ec3843404ef2	4cc1e8a65f98449878aec0e326f04163	sidecar changed
Assets/Resources/Props/Models/Kit_KeyCabinet.fbx	PROMOTE	29d8332f3595e3b418a5a146150f0c6111f87502	f7e570c78981f9132c11feb65a50b157d347ae3a	13c85fe1e557741c982832fc03970bc8	content changed
Assets/Resources/Props/Models/Kit_KeyCabinet.json	PROMOTE	028d87124e5f2500c1d7185c8bcfd05ad3de049a	2f1aba0a36b13954b256c4024f6954a85cf50bcc	ed747aa009e0c4a8683dcb56feb82d18	sidecar changed
Assets/Resources/Props/Models/Kit_KeyHook.fbx	PROMOTE	847092533ea55486cfdd87facc351e0763bb5b37	d3c0c2d954b14eab2c03074d19628e73a989a7aa	182e0588fd3c5476bb8e9c8f38fe3b52	content changed
Assets/Resources/Props/Models/Kit_KeyHook.json	PROMOTE	62082ace66545a9ce70429a2f137a5e8098716c4	53e87e3b09df0b55f091c9b6d3414922e188060e	883c6fc0867024512b6e0d25eed5164c	sidecar changed
Assets/Resources/Props/Models/Kit_KeyHookBoard.fbx	PROMOTE	242f399cf2c6772a29006bada4433783fad4e21f	22f3ae0ee5b966a5948b4131750385233f21d1e3	f81dc1c71214641cf912404914e69838	content changed
Assets/Resources/Props/Models/Kit_KeyHookBoard.json	PROMOTE	cb54ff0dc1a2ae0e2a6031734d8f634d902c13d1	7145328b40f7e05cf52538c8bf411b7032e01c9e	6b2d92fd1e82f477fa3c5fe4723bb455	sidecar changed
Assets/Resources/Props/Models/Kit_KeyRing.fbx	PROMOTE	a0c1bdc0ebab3585b13d0142b349ce5faf9d7306	cb436f7215986c0295c49f73074cd61b8ea7d33a	8cbc4dde5ac664f33975d2d1b83182f6	content changed
Assets/Resources/Props/Models/Kit_KeyRing.json	PROMOTE	c15ad4b93dd5e942aab9b3d8511466b4eeb516e0	32f0c5a07da94e618d725af990b878db56666f69	28b560a7e4c7340b19f8a7488b2f8edd	sidecar changed
Assets/Resources/Props/Models/Kit_KeyTag_Long.fbx	PROMOTE	fc655f7f1eca0953ca9bf94df34baa341d13af7f	4c96e2061738f57e9b5c32d2d2c7530a40527bc6	a73110f13d117426589de3f7c70362b5	content changed
Assets/Resources/Props/Models/Kit_KeyTag_Long.json	PROMOTE	62800829287bcfb765e70e8168f0172fe3dee103	846b726a282273c1b6f15be5ef2cef8d95183a4b	ffae4434ae74b4377bf1dcc28e415aa1	sidecar changed
Assets/Resources/Props/Models/Kit_KeyTag_Long_Blue.fbx	PROMOTE	ac9e2ac927d873947e410ed406125a5afcbef77f	9659fed340dba4cbeee5d12fd0ae12ea2aeb75b8	42f7b51a7fb9e4eaaba2a555f95ed546	content changed
Assets/Resources/Props/Models/Kit_KeyTag_Long_Blue.json	PROMOTE	7db30d57af2af80d56cddeb90ee7453f8b584d9d	1b42cf86dc4d7c6c8de012785200f1688af05b26	1fbed7ff94d7549099788f32caf21a3c	sidecar changed
Assets/Resources/Props/Models/Kit_KeyTag_Long_White.fbx	PROMOTE	a27e95943a96a0557019aec67729765a20865638	26dd25bff093190d5ec704c9e5dff20abb36846d	cbd64996098c842429ce6dbaff1ab34e	content changed
Assets/Resources/Props/Models/Kit_KeyTag_Long_White.json	PROMOTE	d3bec018c18c8ab7a77ec3b8f91925024b837acd	e4d3e0aff0fe5529c95036f0521a77fb8d02178f	3e47a858da847430791eba5d021e2416	sidecar changed
Assets/Resources/Props/Models/Kit_KeyTag_Rect.fbx	PROMOTE	4c325d3e4f7df03046558402565deffd7db9a455	46e31bd038a7031e173272a9409370f288c03380	39b73c6d8eb6e4d2189a139dd767856e	content changed
Assets/Resources/Props/Models/Kit_KeyTag_Rect.json	PROMOTE	1e30270da54f4b48edb585857397b07bb4f3fb49	a51a547266bba98874f6a9cb6c645d24f7967085	23f749b15dbe0420d884915b168bdaea	sidecar changed
Assets/Resources/Props/Models/Kit_KeyTag_Rect_Blue.fbx	PROMOTE	89e733f60682879febb64209c78f0735bbd0b608	1ecf46ff22d20d3037e1821842f2347908950268	6bf1d6fa1d73147c28cbf727994bbf67	content changed
Assets/Resources/Props/Models/Kit_KeyTag_Rect_Blue.json	PROMOTE	04e319f1096ae84a619a5cfeba289d4af8369ee3	f1d817e8671e8ca312073822fe288355e5154643	700de53aa6bd04e09a1d46c2e63001bf	sidecar changed
Assets/Resources/Props/Models/Kit_KeyTag_Rect_White.fbx	PROMOTE	dc28aafa4efd8f49319eeb74a52bda8e8957a982	745afed17ec732350b7da93cc29b9163a3999020	1eb3af28bbde841f89c60f52db9a860f	content changed
Assets/Resources/Props/Models/Kit_KeyTag_Rect_White.json	PROMOTE	47fe5718b435404e52c7bfa2cad0e0216ae7cf35	dd2d24b6549bc7f6e6883b8b14707ddaf77e4644	ca26001148b40408ebe480b9252f03eb	sidecar changed
Assets/Resources/Props/Models/Kit_KeyTag_Round.fbx	PROMOTE	c3834d780f91713c5c8ac356fcbc8f865ebc9400	d30dacd9f2e14b477b12f07d31009f3bea24a3a4	1c47cdbb11bf842ff9f1fe9a162e8c5c	content changed
Assets/Resources/Props/Models/Kit_KeyTag_Round.json	PROMOTE	00177b403be28527b0aa281102023095e71adafd	21dc03df9e78b0b5017e7001ec05ca24c95e9b13	39599dd504b5143aabff62e61dafaf9e	sidecar changed
Assets/Resources/Props/Models/Kit_KeyTag_Round_Blue.fbx	PROMOTE	04758eb6b67eea0519c4ef78c83e2a335cc7ae34	413b00b26741e247ff09868094a11ce1b394b7f3	4e935b10a43e94ae8a5d7bcac61d6c70	content changed
Assets/Resources/Props/Models/Kit_KeyTag_Round_Blue.json	PROMOTE	d860288f1b9efb62962eb1b5d59f149cfc4611e2	2b3f6e4a9eeb30fa40fefb9a98ec6b1c76a2b4a7	fa0f64277714d45d1b97c94dbf426140	sidecar changed
Assets/Resources/Props/Models/Kit_KeyTag_Round_White.fbx	PROMOTE	023b09ed4bff56fbe515cee0cff15b5a469b6884	866d4a0c52e0e3671bb888f28fd3216fe2ec113b	345e0cf11698e4be6baf16a982c050ed	content changed
Assets/Resources/Props/Models/Kit_KeyTag_Round_White.json	PROMOTE	7a16afd8adfbe63c8077098bea28fe87af9e5cf8	aef339429112195a650aa961d3a5583debf03d9c	348111766a71f4fe983cb06a7b4df3ba	sidecar changed
Assets/Resources/Props/Models/Kit_Key_Zone.fbx	PROMOTE	931c66ff95a1389a429500974fa64bbaebd60d98	93f0101b6e9e735eeac074481adde320b91926df	c3c16836352134ba69730820ac3a5cdb	content changed
Assets/Resources/Props/Models/Kit_Key_Zone.json	PROMOTE	c897cf8821a27e3ac083696e1cda92a1298e366c	d7410e37303963ea79aa4ea2c3aac6371498e51a	4d511b8b2daf94231a93c5a1edd8c45f	sidecar changed
Assets/Resources/Props/Models/Kit_Key_Zone_Nickel.fbx	PROMOTE	ec84915bef59913b57c5ced3e0792ecdbd2bbc86	3374895d3f04b0a900e4b6ed2b09d1c2c28de4b9	94bfd45288181442a9ccde09371e7e5d	content changed
Assets/Resources/Props/Models/Kit_Key_Zone_Nickel.json	PROMOTE	6b1fee0c626ff0e00007ec2602ce4934e841773a	cd9dbf503e16beba561835e37e692da92ec7858d	a1d5b89ba64f344189921db11ba9bc1f	sidecar changed
Assets/Resources/Props/Models/Kit_Lock_CylinderShell.fbx	PROMOTE	04879e14cb0a4ef76c05a795c8b163aa378c74d2	4b9d37731ed27be43c4ae5de63a5a3ef0bdfcd64	1e164b737d64f47c18c2fb9c0518c9ae	content changed
Assets/Resources/Props/Models/Kit_Lock_CylinderShell.json	PROMOTE	48de614d1f8a99cf1a2905b77fd0439c9bfd8f32	29717267fa4fb043947034ddee17b814df9c53a7	49e89241a90eb43e4824ba4687233f9d	sidecar changed
Assets/Resources/Props/Models/Kit_Lock_CylinderShell_Brass.fbx	PROMOTE	fa5fc05e49060b203b430996d514d3b6dbb062f9	117bf75061c8cc88555546275727973735b5dac3	abc278b4e103040b38fc82e330a16db6	content changed
Assets/Resources/Props/Models/Kit_Lock_CylinderShell_Brass.json	PROMOTE	732ec888b43f946ae5648782e44d4b3367167955	e2830b5064da2071520fec9b6725e705700d6c31	f30a92e47b96e4e059effcf99a1a9f79	sidecar changed
Assets/Resources/Props/Models/Kit_Lock_Deadbolt.fbx	PROMOTE	10902025cb3fbb4427c19ba257359c19a28c511c	871bd45a4863a820186fd755080b19124031f7c0	357225c236aba46e0b99061a26ee430e	content changed
Assets/Resources/Props/Models/Kit_Lock_Deadbolt.json	PROMOTE	d05bfc3052d6937c8e764a54048441937b7754d9	212659889c5c83c131220d5bc376f0a8664e591c	1dfe23a172ad441999b58943b2d8b05e	sidecar changed
Assets/Resources/Props/Models/Kit_Lock_Escutcheon.fbx	PROMOTE	5960e8864810b1ac67af598f67f6f447ee6c5d59	fe74755868237cdc715ffe1b8dbb982f7f021a8f	c79330c6618ac4fefa99d9229675fcec	content changed
Assets/Resources/Props/Models/Kit_Lock_Escutcheon.json	PROMOTE	3eeb426cec9ad797c932b8b8b7b3d8b3e788875b	1e23a5c21a33d5c06d3d0448b97a7e0298c5a9b3	612a1a64c700d4a709045dc3e0759e7a	sidecar changed
Assets/Resources/Props/Models/Kit_Lock_Escutcheon_Brass.fbx	PROMOTE	d866211d33c40fd26401972bc3db8967b0725f8c	fd66e95bc4450b5f03d03cd74fdbcf4d9d9810d9	897e46981658e4283b85d4b3c91ea0a2	content changed
Assets/Resources/Props/Models/Kit_Lock_Escutcheon_Brass.json	PROMOTE	0a47d48bf9c1f2032e99c15291313e85e011443f	c1ec626822bd05591dad8d3413654e5ade5a8a61	67b76b07804fa4341bba46594ddd81b9	sidecar changed
Assets/Resources/Props/Models/Kit_Lock_Knob.fbx	PROMOTE	edcd67445014366dc2e2f3de2d3796bf380e1891	141a5474f19e8089d81f24ad1861cf5ee006c2d1	efebceb4884b64ebf963eb76e137da81	content changed
Assets/Resources/Props/Models/Kit_Lock_Knob.json	PROMOTE	e86edc0bb91a1351e0fe1439f73b3fffa83c6da9	3fe4fd4ee8b96832683df582940300535ec1e054	1032765e6446e4671bbcb16ebdc461b5	sidecar changed
Assets/Resources/Props/Models/Kit_Lock_Knob_Brass.fbx	PROMOTE	006e6057fd5f432779448474e898b4ed32026a17	217809421ecea0b192cc66c3d9692c33a716cb57	593117186185a4233883f1f96e381e8a	content changed
Assets/Resources/Props/Models/Kit_Lock_Knob_Brass.json	PROMOTE	106659ec2cf9dda63cd96835f7bc7b2d03c055ea	1d5558a360f33dd4511326ee380bf3c4c8dcaaea	065ac3715801b4b66892115ba8ce08b3	sidecar changed
Assets/Resources/Props/Models/Kit_Lock_Latchbolt_Bored.fbx	PROMOTE	ba49ceff57ad01b5eac935b9dd919d222d2a77de	d08510aee12caba0264b660660bafa4d6d2da644	e00ee74d7f5c9408bafaff8c5fe878e5	content changed
Assets/Resources/Props/Models/Kit_Lock_Latchbolt_Bored.json	PROMOTE	36dd2bed423299905c4cff1afa69caed56233a2a	27927d45f121360f2cfbe793321821aa40817e54	2c8d81a4f84a64f238dc4f105921747e	sidecar changed
Assets/Resources/Props/Models/Kit_Lock_Latchbolt_Bored_Brass.fbx	PROMOTE	861465e4e86e59d6ab336e4a86ff2351587f9645	fd1884162f127175be293c734dd9eaec0f5fe284	df25d646b88b0401ea9016b463a6c5f4	content changed
Assets/Resources/Props/Models/Kit_Lock_Latchbolt_Bored_Brass.json	PROMOTE	b3a0c11a125052432019b87cc58fa4cdf6622c14	f32c96f9e4388ee5c29c00ddf818832c94d32e19	1466a4fc43a0648c49a035d4a93c757a	sidecar changed
Assets/Resources/Props/Models/Kit_Lock_Latchbolt_Mortise.fbx	PROMOTE	2b7482cac63e1cfeea30f424ba69abf95c5a5b65	890d46236972104193248085d668988f32e23bd8	606ffe9787b0d47919a40955c5338922	content changed
Assets/Resources/Props/Models/Kit_Lock_Latchbolt_Mortise.json	PROMOTE	f09218d8e76e08ce536974f6b9aed29419b685b5	408781895a6c70544d5eb3963827da3e7f96e0df	4ba61faaa217545a69b415c45f3ae53c	sidecar changed
Assets/Resources/Props/Models/Kit_Lock_Lever.fbx	PROMOTE	04d57a4026c420be5ca36291fb350a38aac0d6c6	4be0f4aa1c6e62561850cd1408ec0a3003633ee2	afa27d1c683284e8cade53c67b9e67cc	content changed
Assets/Resources/Props/Models/Kit_Lock_Lever.json	PROMOTE	6a662572043105611199830f4dc8bb9a69f2a941	eeddd7e87e396efa2b061b3ebb6708421a18f0a6	a6860d8f4d0fc4cc0b59ac3216ce40f4	sidecar changed
Assets/Resources/Props/Models/Kit_Lock_Lever_Brass.fbx	PROMOTE	99e848810b00ea9ba2892bdfd089ec7e56e07962	efe357512942b937ea411bafe14408964423b5d5	897a48ccc4a2f49e4b02f898dd5595aa	content changed
Assets/Resources/Props/Models/Kit_Lock_Lever_Brass.json	PROMOTE	97398bffba691422a411c4abbfb9ccd6bb2da37b	a6417068712543c380bbec371e1d13cf4b63f24c	52af1585dfc634d2d94bb762d1393313	sidecar changed
Assets/Resources/Props/Models/Kit_Lock_Plug.fbx	PROMOTE	560e250c1d9f529e7bc1900d1b4e3ad33ea3a70d	8782a534817fcc7010e1d696597b709647d307c8	c6a59cc9735c942519b0929c44146021	content changed
Assets/Resources/Props/Models/Kit_Lock_Plug.json	PROMOTE	238250163bb6bef12a461e338aede2daa7220e66	678728582d85f81b9f71889fa3853f39339a6b77	38f46943b176b4f81ba7c7f235daca2f	sidecar changed
Assets/Resources/Props/Models/Kit_Lock_Rose.fbx	PROMOTE	dd7c199a2b99a3486d02a18a209b26eab88b4c20	f36958c4d32ef662d54169e0f5b3d1bb2ac6a2f5	9e1cb801f401942368d70459a5af8959	content changed
Assets/Resources/Props/Models/Kit_Lock_Rose.json	PROMOTE	50d429a7927ab52d57cb4baa11b9ac78012af84f	98b5aa3275610251c5b6492d13c908ab487e76b5	fd5d3f6c003714e1e932434de1c7a7cc	sidecar changed
Assets/Resources/Props/Models/Kit_Lock_Rose_Brass.fbx	PROMOTE	d6058ef9e3fdcc5b4e449de1d6511c99b5f87d83	79b47b547b4070c9dad70e518830cf338ccf0377	a05e855c65ea94e619b5562924dbe8ba	content changed
Assets/Resources/Props/Models/Kit_Lock_Rose_Brass.json	PROMOTE	e931892085f736b25b75a6f967ab24e87dec07fd	69bb6c78977cc2f4d9c4d5322f0b278a99ba6806	eb8f2266546784f26837ceec10ac10e9	sidecar changed
Assets/Resources/Props/Models/Kit_Lock_StrikeBored.fbx	PROMOTE	feb7fe1851d5809ee03629f246fd5d45e4bf3d40	e1dc943a15206677392126a6e5ad3453dc61fd28	1208615880062400abdf026b7e2c1082	content changed
Assets/Resources/Props/Models/Kit_Lock_StrikeBored.json	PROMOTE	78fb7bd62e26937b753f28106aad46e8c6472907	aa82d302f88c23bb770cf3419a026cd0729b5b39	b07d57d16c90543baa8b4ca9075679fc	sidecar changed
Assets/Resources/Props/Models/Kit_Lock_StrikeBored_Brass.fbx	PROMOTE	7895ebae7e9e7a2e7707a808f70d4924faef9519	70373bb53d415f44924fe9ad8855aa603612f63e	bd459404fbc2346b48c55bfee6daba89	content changed
Assets/Resources/Props/Models/Kit_Lock_StrikeBored_Brass.json	PROMOTE	4731c61f324d12f24e788064a64731d0bf0973e2	d74dde0cca2be0a235a0694c549193b557b664fa	f4d7776a26df5432eae189f488f44f52	sidecar changed
Assets/Resources/Props/Models/Kit_Lock_StrikeMortise.fbx	PROMOTE	1ca9f5d94ab40620c74097c2f3982aa7a7c90ea9	5a00506c1516c6804e6e0cf5e3fa2cbaf590ed6d	a36c40361be304864aecaf3e20b46c30	content changed
Assets/Resources/Props/Models/Kit_Lock_StrikeMortise.json	PROMOTE	604ef741c43688d85556ce7d1bdb709415ef943e	eaadf602944c85c5282552ee544db3529c592fa3	540ae213da04b450291c0d086dda8ba9	sidecar changed
Assets/Resources/Props/Models/Kit_MiniBlind_Lowered.fbx	keep	1bae81dc1f05941a204abdfa0ec8eaff2075df72	a9c7d218c8c962046ac3c7004878d46943c1e067	75e18a03b47b404696ced4269a2d17cf	same content (FBX header timestamps only): keep main's
Assets/Resources/Props/Models/Kit_MiniBlind_Lowered.json	PROMOTE	be1ad77fca174e398a9659f87b410b9b3b7c06df	6da5159dcbb1983051c4c5c0bb24dc561eeb79b6	af825826b5bf4984acd8b2ad9091a59a	sidecar changed
Assets/Resources/Props/Models/Kit_MiniBlind_Raised.fbx	keep	12faa8b921c3b7d4956fc5d9c4e2daf78493470f	8b52c643820a76d83d96db25418c02ad75cdccc5	1202dd8dc88f04d88ae7e152cb029efe	same content (FBX header timestamps only): keep main's
Assets/Resources/Props/Models/Kit_MiniBlind_Raised.json	PROMOTE	8559f00892378757b2e7ae8ee64068ae7c44a479	e64be2219b489c054eae4ac23a305bfed28774e3	81b68422e6a884b2a8d019c2b63a3725	sidecar changed
Assets/Resources/Props/Models/Kit_WindowFrame_Alu.fbx	PROMOTE	99a2814c1742dae44b24f25f77444505948d3774	e9776aa16c68674f0be151e3bc917aa774c3d184	935afd3ab66be498f882dea647321d3a	content changed
Assets/Resources/Props/Models/Kit_WindowFrame_Alu.json	PROMOTE	363217d2daa38f9c734793f435aed476b06afd5b	0a9511bef5ac2e27821b30fb8a6a085b72c2cf0b	e30720ea12a0c42258cf01ba5e4c2779	sidecar changed
Assets/Resources/Props/Models/Kit_WindowFrame_Steel.fbx	PROMOTE	9bbda940e6f4e7f023b5975e131d05e6959e9da3	f2b4b53fcee5d687e650e5d33f601c31b10654dd	c96f7893ea2f94c6b92c29c791f315c7	content changed
Assets/Resources/Props/Models/Kit_WindowFrame_Steel.json	PROMOTE	a0c45d7a34ce59ada15ae5870a9f727d66ff2e5f	670a02d9e0e14217874305c2894026a0a2a900fa	9eb5da4c0e6b945239e81d6ef40c731a	sidecar changed
Assets/Resources/Props/Models/Kit_WindowFrame_Steel_Enamel.fbx	PROMOTE	700a16ce08106e270cfa058c0429d02a73e892c3	82e1637cf3c345bc477c70e0bd346e2c3cd0f8c2	195d766c9b6ed483a82e10aa3931a04e	content changed
Assets/Resources/Props/Models/Kit_WindowFrame_Steel_Enamel.json	PROMOTE	c1dbc6e623c1fd1c113e8467ef856c31c27901ae	99e7736b04f345bd56f14a8e556b250e21517534	f94dacc1a7e3e425288d85cceae4e61a	sidecar changed
Assets/Resources/Props/Models/Kit_WindowFrame_Wood.fbx	keep	20876709b80324b73d6989ca0cd3ff3beaf27ca8	aae0da45583ace87742c0a6b98732c8996a16a63	1cdcbda9ab3a648c396413a8cb0fcbdb	same content (FBX header timestamps only): keep main's
Assets/Resources/Props/Models/Kit_WindowFrame_Wood.json	PROMOTE	c87cea85b2e88a54dcf3dec62b201b1890fa0e8c	8bd6645e50853b9774c78cc902d89f827e038502	e082f7084427141fdad2cd080e554f15	sidecar changed
