seed,mount,side,west,east,door,glow,glowMode,x,y,z
1,P1,west,Open,Wall,"(85, 10)","(84, 10)",Stutter,254.7666,1.5240,30.0225
2,P1,west,Open,Arch,"(21, 74)","(20, 74)",Steady,254.7666,1.5240,30.0225
3,P1,east,Wall,Open,"(85, 74)","(86, 74)",Steady,258.2334,1.5240,30.0225
4,P1,west,Open,Wall,"(85, 74)","(84, 74)",Steady,254.7666,1.5240,30.0225
5,P1,west,Open,Open,"(85, 74)","(84, 74)",Stutter,254.7666,1.5240,30.0225
6,P1,west,Open,Open,"(85, 74)","(84, 74)",Steady,254.7666,1.5240,30.0225
7,P1,west,Open,Open,"(85, 10)","(84, 10)",Steady,254.7666,1.5240,30.0225
8,P1,east,Wall,Open,"(149, 10)","(150, 10)",Steady,258.2334,1.5240,30.0225
9,P1,east,Wall,Open,"(21, 138)","(22, 138)",Stutter,258.2334,1.5240,30.0225
10,P2,east,Arch,Wall,"(85, 74)","(85, 74)",Steady,257.9195,1.5240,31.5000
11,P1,west,Open,Wall,"(21, 74)","(20, 74)",Stutter,254.7666,1.5240,30.0225
12,P1,east,Arch,Open,"(149, 10)","(150, 10)",Stutter,258.2334,1.5240,30.0225
13,P1,west,Open,Open,"(21, 10)","(20, 10)",Dim,254.7666,1.5240,30.0225
14,P1,east,Wall,Open,"(149, 74)","(150, 74)",Steady,258.2334,1.5240,30.0225
15,P1,east,Wall,Open,"(149, -54)","(150, -54)",Steady,258.2334,1.5240,30.0225
16,P1,east,Wall,Open,"(-43, 138)","(-42, 138)",Steady,258.2334,1.5240,30.0225
17,P1,west,Open,Wall,"(149, -54)","(148, -54)",Steady,254.7666,1.5240,30.0225
18,P1,east,Wall,Open,"(21, -54)","(22, -54)",Steady,258.2334,1.5240,30.0225
19,P1,east,Wall,Open,"(149, 74)","(150, 74)",Stutter,258.2334,1.5240,30.0225
20,P1,west,Open,Wall,"(85, -54)","(84, -54)",Steady,254.7666,1.5240,30.0225
21,P1,east,Arch,Open,"(85, 10)","(86, 10)",Steady,258.2334,1.5240,30.0225
22,P1,west,Open,Open,"(149, 138)","(148, 138)",Steady,254.7666,1.5240,30.0225
23,P2,west,Wall,Wall,"(21, 10)","(21, 10)",Steady,255.0805,1.5240,31.5000
24,P1,west,Open,Open,"(149, 10)","(148, 10)",Stutter,254.7666,1.5240,30.0225
25,P1,east,Wall,Open,"(85, 74)","(86, 74)",Steady,258.2334,1.5240,30.0225
26,P1,west,Open,Open,"(149, 74)","(148, 74)",Stutter,254.7666,1.5240,30.0225
27,P1,east,Wall,Open,"(21, -54)","(22, -54)",Steady,258.2334,1.5240,30.0225
28,P1,west,Open,Open,"(149, -54)","(148, -54)",Steady,254.7666,1.5240,30.0225
29,P1,west,Open,Wall,"(21, 74)","(20, 74)",Steady,254.7666,1.5240,30.0225
30,P1,west,Open,Wall,"(21, 74)","(20, 74)",Steady,254.7666,1.5240,30.0225
31,P2,east,Arch,Wall,"(149, 74)","(149, 74)",Stutter,257.9195,1.5240,31.5000
32,P1,west,Open,Arch,"(149, 74)","(148, 74)",Steady,254.7666,1.5240,30.0225
33,P1,west,Open,Open,"(85, 74)","(84, 74)",Steady,254.7666,1.5240,30.0225
34,P1,west,Open,Wall,"(149, 10)","(148, 10)",Steady,254.7666,1.5240,30.0225
35,P3,west,Arch,Arch,"(85, 74)","(84, 74)",Steady,254.5866,1.5240,30.0225
36,P2,west,Wall,Wall,"(85, -54)","(85, -54)",Steady,255.0805,1.5240,31.5000
37,P1,east,Wall,Open,"(21, 74)","(22, 74)",Steady,258.2334,1.5240,30.0225
38,P1,west,Open,Wall,"(-43, 10)","(-44, 10)",Steady,254.7666,1.5240,30.0225
39,P2,west,Wall,Wall,"(149, 10)","(149, 10)",Steady,255.0805,1.5240,31.5000
40,P1,west,Open,Wall,"(85, -54)","(84, -54)",Steady,254.7666,1.5240,30.0225
41,P1,west,Open,Open,"(21, 74)","(20, 74)",Steady,254.7666,1.5240,30.0225
42,P1,west,Open,Open,"(85, 10)","(84, 10)",Steady,254.7666,1.5240,30.0225
43,P1,west,Open,Open,"(149, 10)","(148, 10)",Steady,254.7666,1.5240,30.0225
44,P2,east,Arch,Wall,"(21, 74)","(21, 74)",Steady,257.9195,1.5240,31.5000
45,P1,east,Wall,Open,"(213, 138)","(214, 138)",Dead,258.2334,1.5240,30.0225
46,P1,east,Wall,Open,"(149, 74)","(150, 74)",Steady,258.2334,1.5240,30.0225
47,P1,west,Open,Wall,"(85, 138)","(84, 138)",Steady,254.7666,1.5240,30.0225
48,P2,east,Arch,Wall,"(149, -54)","(149, -54)",Dead,257.9195,1.5240,31.5000
49,P1,west,Open,Open,"(149, 10)","(148, 10)",Steady,254.7666,1.5240,30.0225
50,P2,west,Wall,Wall,"(149, -54)","(149, -54)",Steady,255.0805,1.5240,31.5000
51,P2,west,Wall,Arch,"(21, 74)","(21, 74)",Stutter,255.0805,1.5240,31.5000
52,P1,west,Open,Open,"(149, 10)","(148, 10)",Steady,254.7666,1.5240,30.0225
53,P1,west,Open,Open,"(149, 74)","(148, 74)",Stutter,254.7666,1.5240,30.0225
54,P1,east,Arch,Open,"(85, 138)","(86, 138)",Dead,258.2334,1.5240,30.0225
55,P1,west,Open,Wall,"(85, 10)","(84, 10)",Steady,254.7666,1.5240,30.0225
56,P1,west,Open,Arch,"(85, 74)","(84, 74)",Steady,254.7666,1.5240,30.0225
57,P1,west,Open,Wall,"(149, 74)","(148, 74)",Steady,254.7666,1.5240,30.0225
58,P1,west,Open,Open,"(213, 138)","(212, 138)",Stutter,254.7666,1.5240,30.0225
59,P2,west,Wall,Arch,"(85, 10)","(85, 10)",Steady,255.0805,1.5240,31.5000
60,P2,west,Wall,Wall,"(149, 74)","(149, 74)",Failing,255.0805,1.5240,31.5000
61,P1,west,Open,Wall,"(149, -54)","(148, -54)",Steady,254.7666,1.5240,30.0225
62,P1,west,Open,Open,"(85, 10)","(84, 10)",Failing,254.7666,1.5240,30.0225
63,P1,west,Open,Open,"(85, 10)","(84, 10)",Stutter,254.7666,1.5240,30.0225
64,P1,west,Open,Open,"(21, 10)","(20, 10)",Steady,254.7666,1.5240,30.0225
65,P1,east,Wall,Open,"(149, 74)","(150, 74)",Steady,258.2334,1.5240,30.0225
66,P2,west,Wall,Wall,"(21, 138)","(21, 138)",Steady,255.0805,1.5240,31.5000
67,P1,west,Open,Wall,"(149, 10)","(148, 10)",Dead,254.7666,1.5240,30.0225
68,P1,east,Wall,Open,"(149, 74)","(150, 74)",Stutter,258.2334,1.5240,30.0225
69,P1,west,Open,Arch,"(85, 74)","(84, 74)",Steady,254.7666,1.5240,30.0225
70,P1,west,Open,Open,"(85, 10)","(84, 10)",Stutter,254.7666,1.5240,30.0225
71,P1,west,Open,Wall,"(85, -54)","(84, -54)",Steady,254.7666,1.5240,30.0225
72,P1,west,Open,Wall,"(-43, 10)","(-44, 10)",Steady,254.7666,1.5240,30.0225
73,P1,west,Open,Wall,"(85, 74)","(84, 74)",Steady,254.7666,1.5240,30.0225
74,P2,east,Arch,Wall,"(149, -54)","(149, -54)",Stutter,257.9195,1.5240,31.5000
75,P1,west,Open,Open,"(149, 74)","(148, 74)",Stutter,254.7666,1.5240,30.0225
76,P1,west,Open,Wall,"(213, 138)","(212, 138)",Steady,254.7666,1.5240,30.0225
77,P1,west,Open,Arch,"(21, 10)","(20, 10)",Stutter,254.7666,1.5240,30.0225
78,P1,east,Wall,Open,"(-43, 138)","(-42, 138)",Steady,258.2334,1.5240,30.0225
79,P1,west,Open,Open,"(85, 74)","(84, 74)",Stutter,254.7666,1.5240,30.0225
80,P1,west,Open,Open,"(85, 74)","(84, 74)",Steady,254.7666,1.5240,30.0225
81,P1,west,Open,Open,"(85, -54)","(84, -54)",Failing,254.7666,1.5240,30.0225
82,P2,west,Wall,Wall,"(85, 10)","(85, 10)",Failing,255.0805,1.5240,31.5000
83,P1,west,Open,Arch,"(149, 74)","(148, 74)",Steady,254.7666,1.5240,30.0225
84,P2,east,Arch,Wall,"(149, -54)","(149, -54)",Steady,257.9195,1.5240,31.5000
85,P1,west,Open,Open,"(-43, 74)","(-44, 74)",Steady,254.7666,1.5240,30.0225
86,P1,west,Open,Wall,"(149, 74)","(148, 74)",Steady,254.7666,1.5240,30.0225
87,P1,east,Wall,Open,"(149, 10)","(150, 10)",Stutter,258.2334,1.5240,30.0225
88,P2,west,Wall,Wall,"(149, 74)","(149, 74)",Steady,255.0805,1.5240,31.5000
89,P1,west,Open,Open,"(21, 10)","(20, 10)",Stutter,254.7666,1.5240,30.0225
90,P1,west,Open,Wall,"(149, -54)","(148, -54)",Steady,254.7666,1.5240,30.0225
91,P1,west,Open,Open,"(149, 74)","(148, 74)",Steady,254.7666,1.5240,30.0225
92,P1,west,Open,Open,"(85, 10)","(84, 10)",Steady,254.7666,1.5240,30.0225
93,P1,west,Open,Wall,"(85, 74)","(84, 74)",Steady,254.7666,1.5240,30.0225
94,P1,west,Open,Open,"(85, 74)","(84, 74)",Steady,254.7666,1.5240,30.0225
95,P1,east,Arch,Open,"(85, 10)","(86, 10)",Steady,258.2334,1.5240,30.0225
96,P1,west,Open,Wall,"(85, -54)","(84, -54)",Stutter,254.7666,1.5240,30.0225
97,P2,west,Wall,Wall,"(149, 74)","(149, 74)",Steady,255.0805,1.5240,31.5000
98,P1,east,Arch,Open,"(85, 10)","(86, 10)",Failing,258.2334,1.5240,30.0225
99,P1,east,Wall,Open,"(85, 74)","(86, 74)",Failing,258.2334,1.5240,30.0225
100,P2,east,Arch,Wall,"(21, 10)","(21, 10)",Steady,257.9195,1.5240,31.5000
