file	name	space	eye	look	fov	seed	detail
00_title-lobby_title.png	title-lobby_title	world (title stream, centreline x 256.5)	(256.50, 1.62, 1.17)	(256.50, 1.62, 6.17)	72	-	live title, no input
01_title-lobby_doorway-opening.png	title-lobby_doorway-opening	world (title stream, centreline x 256.5)	(256.50, 1.62, 2.53)	(256.50, 1.62, 7.53)	72	-	live title, no input
02_title-lobby_doorway.png	title-lobby_doorway	world (title stream, centreline x 256.5)	(256.50, 1.62, 4.55)	(256.50, 1.62, 9.55)	72	-	live title, no input
03_start_wide.png	start_wide	map-local	(832.50, 1.65, 580.58)	(832.50, 1.65, 585.58)	72	516574485	start room right after Space; door held while the map builds
04_start_doorway.png	start_doorway	map-local	(832.50, 1.62, 590.60)	(832.50, 1.40, 595.60)	72	516574485	start room, 3.4 m before the start door on the centreline
05_start_back.png	start_back	map-local	(832.50, 1.62, 590.60)	(832.50, 1.52, 585.60)	72	516574485	start room, 3.4 m before the start door on the centreline
06_map-l0-standard_wide.png	map-l0-standard_wide	map-local	(842.60, 1.62, 598.50)	(837.60, 1.54, 598.50)	72	516574485	seed 516574485 · cell (280, 199) (Level0/Standard) · step (-1, 0) · run 5 cells · own lamp steady · lamps within 3 cells: steady 26, stutter 9, failing 3, dead 3, dim 2
07_map-l0-standard_detail.png	map-l0-standard_detail	map-local	(838.67, 1.62, 596.50)	(841.11, -0.67, 592.79)	50	516574485	seed 516574485 · cell (280, 199) (Level0/Standard) · step (-1, 0) · run 5 cells · own lamp steady · lamps within 3 cells: steady 26, stutter 9, failing 3, dead 3, dim 2
08_map-l0-low_wide.png	map-l0-low_wide	map-local	(817.50, 1.62, 606.40)	(817.50, 1.54, 611.40)	72	516574485	seed 516574485 · cell (272, 202) (Level0/Low) · step (0, 1) · run 6 cells · own lamp steady · lamps within 3 cells: steady 35, stutter 7, failing 3, dead 2, dim 2
09_map-l0-low_detail.png	map-l0-low_detail	map-local	(814.33, 1.62, 607.40)	(811.89, -0.67, 603.69)	50	516574485	seed 516574485 · cell (272, 202) (Level0/Low) · step (0, 1) · run 6 cells · own lamp steady · lamps within 3 cells: steady 35, stutter 7, failing 3, dead 2, dim 2
10_map-l0-tall_wide.png	map-l0-tall_wide	map-local	(847.50, 1.62, 621.40)	(847.50, 2.30, 626.35)	72	516574485	seed 516574485 · cell (282, 207) (Level0/Tall) · step (0, 1) · run 8 cells · own lamp steady · lamps within 3 cells: steady 26, stutter 11, failing 4, dead 3, dim 5
11_map-l0-tall_detail.png	map-l0-tall_detail	map-local	(847.33, 1.62, 625.33)	(844.89, -0.67, 621.62)	50	516574485	seed 516574485 · cell (282, 207) (Level0/Tall) · step (0, 1) · run 8 cells · own lamp steady · lamps within 3 cells: steady 26, stutter 11, failing 4, dead 3, dim 5
12_map-l0-tall_ceiling.png	map-l0-tall_ceiling	map-local	(847.50, 1.62, 622.50)	(847.50, 4.35, 626.69)	50	516574485	seed 516574485 · cell (282, 207) (Level0/Tall) · step (0, 1) · run 8 cells · own lamp steady · lamps within 3 cells: steady 26, stutter 11, failing 4, dead 3, dim 5
13_map-l0-pile_wide.png	map-l0-pile_wide	map-local	(833.38, 1.62, 488.93)	(831.48, 0.99, 493.51)	72	516574485	seed 516574485 · furniture pile (CentreSculpture) · centre cell (276, 164) (Level0/Tall) · bounds (5.30, 4.24, 3.98)
14_map-office_wide.png	map-office_wide	map-local	(819.40, 1.62, 625.50)	(824.40, 1.54, 625.50)	72	516574485	seed 516574485 · cell (273, 208) (Office/Standard) · step (1, 0) · run 6 cells · own lamp steady · lamps within 3 cells: steady 37, stutter 9, failing 2, dead 0, dim 1
15_map-office_detail.png	map-office_detail	map-local	(819.50, 1.62, 634.67)	(823.21, -0.67, 637.11)	50	516574485	seed 516574485 · cell (273, 208) (Office/Standard) · step (1, 0) · run 6 cells · own lamp steady · lamps within 3 cells: steady 37, stutter 9, failing 2, dead 0, dim 1
16_map-column-l0_wide.png	map-column-l0_wide	map-local	(776.96, 1.62, 661.22)	(772.34, 1.35, 659.31)	72	516574485	seed 516574485 · column at corner (258, 220) (Level0/Standard) · small 0.6 m · open view behind it 15 m
17_map-column-l0_detail.png	map-column-l0_detail	map-local	(775.54, 1.65, 659.85)	(771.69, -1.52, 660.22)	50	516574485	seed 516574485 · column at corner (258, 220) (Level0/Standard) · small 0.6 m · open view behind it 15 m
18_map-column-office_wide.png	map-column-office_wide	map-local	(748.78, 1.62, 627.04)	(750.68, 2.06, 631.65)	72	516574485	seed 516574485 · column at corner (250, 210) (Office/Standard) · large 0.9 m · bulkhead east · open view behind it 12.402 m
19_map-column-office_detail.png	map-column-office_detail	map-local	(748.69, 1.62, 628.92)	(752.40, 2.98, 631.98)	50	516574485	seed 516574485 · column at corner (250, 210) (Office/Standard) · large 0.9 m · bulkhead east · open view behind it 12.402 m
20_map-border-window_wide.png	map-border-window_wide	map-local	(844.50, 1.62, 618.40)	(844.50, 1.38, 623.39)	72	516574485	seed 516574485 · edge (281, 206) (Office/Standard) → (281, 207) (Level0/Tall) · Window
21_map-border-window_detail.png	map-border-window_detail	map-local	(845.40, 1.62, 619.85)	(842.01, -0.88, 622.54)	50	516574485	seed 516574485 · edge (281, 206) (Office/Standard) → (281, 207) (Level0/Tall) · Window
22_map-border-door_wide.png	map-border-door_wide	map-local	(833.60, 1.62, 607.50)	(828.61, 1.33, 607.50)	72	516574485	seed 516574485 · edge (277, 202) (Level0/Standard) → (276, 202) (Level0/Low) · Door
23_map-border-door_open.png	map-border-door_open	map-local	(833.60, 1.62, 607.50)	(828.61, 1.33, 607.50)	72	516574485	seed 516574485 · edge (277, 202) (Level0/Standard) → (276, 202) (Level0/Low) · Door
24_map-border-door_detail.png	map-border-door_detail	map-local	(832.13, 1.62, 607.40)	(827.44, 0.16, 606.44)	50	516574485	seed 516574485 · edge (277, 202) (Level0/Standard) → (276, 202) (Level0/Low) · Door
25_map-border-theme_wide.png	map-border-theme_wide	map-local	(835.41, 1.62, 609.40)	(835.41, 1.33, 614.39)	72	516574485	seed 516574485 · edge (278, 203) (Level0/Standard) → (278, 204) (Office/Standard) · Arch
26_map-border-theme_detail.png	map-border-theme_detail	map-local	(836.31, 1.62, 610.85)	(832.49, 0.51, 613.88)	50	516574485	seed 516574485 · edge (278, 203) (Level0/Standard) → (278, 204) (Office/Standard) · Arch
27_map-dead-lamp_wide.png	map-dead-lamp_wide	map-local	(785.00, 1.62, 553.50)	(780.00, 1.58, 553.50)	72	516574485	seed 516574485 · dead lamp in cell (260, 184) (Level0/Standard) · camera one cell back, looking (-1, 0) · own lamp dead · lamps within 1 cells: steady 2, stutter 0, failing 2, dead 2, dim 0 · own lamp dead · lamps within 3 cells: steady 14, stutter 8, failing 4, dead 2, dim 0
28_map-dead-lamp_detail.png	map-dead-lamp_detail	map-local	(783.00, 1.65, 553.80)	(779.17, 4.87, 553.80)	50	516574485	seed 516574485 · dead lamp in cell (260, 184) (Level0/Standard) · camera one cell back, looking (-1, 0) · own lamp dead · lamps within 1 cells: steady 2, stutter 0, failing 2, dead 2, dim 0 · own lamp dead · lamps within 3 cells: steady 14, stutter 8, failing 4, dead 2, dim 0
29_map-failing-lamp_high.png	map-failing-lamp_high	map-local	(838.50, 1.62, 555.90)	(838.50, 1.58, 560.90)	72	516574485	seed 516574485 · failing lamp in cell (279, 186) (Level0/Standard) · camera one cell back, looking (0, 1) · own lamp failing · lamps within 1 cells: steady 1, stutter 1, failing 2, dead 1, dim 1
30_map-failing-lamp_dropout.png	map-failing-lamp_dropout	map-local	(838.50, 1.62, 555.90)	(838.50, 1.58, 560.90)	72	516574485	seed 516574485 · failing lamp in cell (279, 186) (Level0/Standard) · camera one cell back, looking (0, 1) · own lamp failing · lamps within 1 cells: steady 1, stutter 1, failing 2, dead 1, dim 1
31_map-stutter-lamp_on.png	map-stutter-lamp_on	map-local	(833.10, 1.62, 505.50)	(828.10, 1.58, 505.50)	72	516574485	seed 516574485 · stutter lamp in cell (276, 168) (Level0/Standard) · camera one cell back, looking (-1, 0) · own lamp stutter · lamps within 1 cells: steady 3, stutter 1, failing 2, dead 0, dim 0
32_map-stutter-lamp_off.png	map-stutter-lamp_off	map-local	(833.10, 1.62, 505.50)	(828.10, 1.58, 505.50)	72	516574485	seed 516574485 · stutter lamp in cell (276, 168) (Level0/Standard) · camera one cell back, looking (-1, 0) · own lamp stutter · lamps within 1 cells: steady 3, stutter 1, failing 2, dead 0, dim 0
33_map-lamp-steady_detail.png	map-lamp-steady_detail	map-local	(830.80, 1.62, 505.80)	(834.82, 4.60, 505.80)	50	516574485	seed 516574485 · steady lamp in cell (277, 168) (Level0/Standard) · level at capture 0.992 · light 4.96
34_map-lamp-stutter_detail.png	map-lamp-stutter_detail	map-local	(827.80, 1.62, 505.80)	(831.82, 4.60, 505.80)	50	516574485	seed 516574485 · stutter lamp in cell (276, 168) (Level0/Standard) · level at capture 0.05 · light 0.25
35_map-lamp-failing_detail.png	map-lamp-failing_detail	map-local	(833.80, 1.62, 505.80)	(837.82, 4.60, 505.80)	50	516574485	seed 516574485 · failing lamp in cell (278, 168) (Level0/Standard) · level at capture 0.426 · light 2.128
36_map-lamp-dead_detail.png	map-lamp-dead_detail	map-local	(826.50, 1.62, 519.10)	(826.50, 4.60, 523.12)	50	516574485	seed 516574485 · dead lamp in cell (275, 173) (Level0/Standard) · level at capture 0 · light off
37_map-lamp-dim_detail.png	map-lamp-dim_detail	map-local	(820.50, 1.62, 510.10)	(820.50, 4.60, 514.12)	50	516574485	seed 516574485 · dim lamp in cell (273, 170) (Level0/Standard) · level at capture 0.394 · light 1.969
38_title-lobby_wide.png	title-lobby_wide	preview-local (root at world (4992, 0, 4992); room i spans z 12i..12i+12, centreline x 0)	(0.00, 1.62, 0.90)	(0.00, 1.27, 5.89)	72	516574485	RoomStream.BuildEditorPreview sequence 0 (Lobby), doors open, lamps per ActivateRoomLightImmediately
39_title-lobby_detail.png	title-lobby_detail	preview-local (root at world (4992, 0, 4992); room i spans z 12i..12i+12, centreline x 0)	(-1.20, 1.62, 3.60)	(-5.85, 0.38, 2.23)	50	516574485	RoomStream.BuildEditorPreview sequence 0 (Lobby), doors open, lamps per ActivateRoomLightImmediately
40_title-lobby_ceiling.png	title-lobby_ceiling	preview-local (root at world (4992, 0, 4992); room i spans z 12i..12i+12, centreline x 0)	(0.00, 1.62, 2.50)	(-1.19, 4.15, 6.65)	50	516574485	RoomStream.BuildEditorPreview sequence 0 (Lobby), doors open, lamps per ActivateRoomLightImmediately
41_title-lobby_arrival.png	title-lobby_arrival	preview-local (root at world (4992, 0, 4992); room i spans z 12i..12i+12, centreline x 0)	(0.00, 1.62, 2.00)	(0.00, 1.44, 7.00)	72	516574485	RoomStream.BuildEditorPreview sequence 0 (Lobby), doors open, lamps per ActivateRoomLightImmediately
42_title-shift_wide.png	title-shift_wide	preview-local (root at world (4992, 0, 4992); room i spans z 12i..12i+12, centreline x 0)	(0.00, 1.62, 12.90)	(0.00, 1.27, 17.89)	72	516574485	RoomStream.BuildEditorPreview sequence 1 (Shift), doors open, lamps per ActivateRoomLightImmediately
43_title-shift_detail.png	title-shift_detail	preview-local (root at world (4992, 0, 4992); room i spans z 12i..12i+12, centreline x 0)	(-1.20, 1.62, 15.60)	(-5.85, 0.38, 14.23)	50	516574485	RoomStream.BuildEditorPreview sequence 1 (Shift), doors open, lamps per ActivateRoomLightImmediately
44_title-shift_doorway.png	title-shift_doorway	preview-local (root at world (4992, 0, 4992); room i spans z 12i..12i+12, centreline x 0)	(0.00, 1.62, 8.80)	(0.00, 1.42, 13.80)	72	516574485	RoomStream.BuildEditorPreview sequence 1 (Shift), doors open, lamps per ActivateRoomLightImmediately
45_title-shift_ceiling.png	title-shift_ceiling	preview-local (root at world (4992, 0, 4992); room i spans z 12i..12i+12, centreline x 0)	(0.00, 1.62, 14.50)	(-1.19, 4.15, 18.65)	50	516574485	RoomStream.BuildEditorPreview sequence 1 (Shift), doors open, lamps per ActivateRoomLightImmediately
46_title-shift_arrival.png	title-shift_arrival	preview-local (root at world (4992, 0, 4992); room i spans z 12i..12i+12, centreline x 0)	(0.00, 1.62, 14.00)	(0.00, 1.44, 19.00)	72	516574485	RoomStream.BuildEditorPreview sequence 1 (Shift), doors open, lamps per ActivateRoomLightImmediately
47_title-office_wide.png	title-office_wide	preview-local (root at world (4992, 0, 4992); room i spans z 12i..12i+12, centreline x 0)	(0.00, 1.62, 24.90)	(0.00, 1.27, 29.89)	72	516574485	RoomStream.BuildEditorPreview sequence 2 (Office), doors open, lamps per ActivateRoomLightImmediately
48_title-office_detail.png	title-office_detail	preview-local (root at world (4992, 0, 4992); room i spans z 12i..12i+12, centreline x 0)	(1.20, 1.62, 27.00)	(5.04, 0.59, 30.03)	50	516574485	RoomStream.BuildEditorPreview sequence 2 (Office), doors open, lamps per ActivateRoomLightImmediately
49_title-office_doorway.png	title-office_doorway	preview-local (root at world (4992, 0, 4992); room i spans z 12i..12i+12, centreline x 0)	(0.00, 1.62, 20.80)	(0.00, 1.42, 25.80)	72	516574485	RoomStream.BuildEditorPreview sequence 2 (Office), doors open, lamps per ActivateRoomLightImmediately
50_title-office_ceiling.png	title-office_ceiling	preview-local (root at world (4992, 0, 4992); room i spans z 12i..12i+12, centreline x 0)	(0.00, 1.62, 26.50)	(-1.19, 4.15, 30.65)	50	516574485	RoomStream.BuildEditorPreview sequence 2 (Office), doors open, lamps per ActivateRoomLightImmediately
51_title-office_arrival.png	title-office_arrival	preview-local (root at world (4992, 0, 4992); room i spans z 12i..12i+12, centreline x 0)	(0.00, 1.62, 26.00)	(0.00, 1.44, 31.00)	72	516574485	RoomStream.BuildEditorPreview sequence 2 (Office), doors open, lamps per ActivateRoomLightImmediately
52_title-run_wide.png	title-run_wide	preview-local (root at world (4992, 0, 4992); room i spans z 12i..12i+12, centreline x 0)	(0.00, 1.62, 36.90)	(0.00, 1.27, 41.89)	72	516574485	RoomStream.BuildEditorPreview sequence 3 (Run), doors open, lamps per ActivateRoomLightImmediately
53_title-run_detail.png	title-run_detail	preview-local (root at world (4992, 0, 4992); room i spans z 12i..12i+12, centreline x 0)	(-1.20, 1.62, 39.60)	(-5.85, 0.38, 38.23)	50	516574485	RoomStream.BuildEditorPreview sequence 3 (Run), doors open, lamps per ActivateRoomLightImmediately
54_title-run_doorway.png	title-run_doorway	preview-local (root at world (4992, 0, 4992); room i spans z 12i..12i+12, centreline x 0)	(0.00, 1.62, 32.80)	(0.00, 1.42, 37.80)	72	516574485	RoomStream.BuildEditorPreview sequence 3 (Run), doors open, lamps per ActivateRoomLightImmediately
55_title-run_sign.png	title-run_sign	preview-local (root at world (4992, 0, 4992); room i spans z 12i..12i+12, centreline x 0)	(0.70, 1.62, 42.00)	(-0.55, 2.94, 37.35)	50	516574485	RoomStream.BuildEditorPreview sequence 3 (Run), doors open, lamps per ActivateRoomLightImmediately
56_title-run_props.png	title-run_props	preview-local (root at world (4992, 0, 4992); room i spans z 12i..12i+12, centreline x 0)	(0.90, 1.62, 40.40)	(4.04, 0.27, 44.05)	50	516574485	RoomStream.BuildEditorPreview sequence 3 (Run), doors open, lamps per ActivateRoomLightImmediately
57_title-run_ceiling.png	title-run_ceiling	preview-local (root at world (4992, 0, 4992); room i spans z 12i..12i+12, centreline x 0)	(0.00, 1.62, 38.50)	(-1.19, 4.15, 42.65)	50	516574485	RoomStream.BuildEditorPreview sequence 3 (Run), doors open, lamps per ActivateRoomLightImmediately
58_title-run_arrival.png	title-run_arrival	preview-local (root at world (4992, 0, 4992); room i spans z 12i..12i+12, centreline x 0)	(0.00, 1.62, 38.00)	(0.00, 1.43, 43.00)	72	516574485	RoomStream.BuildEditorPreview sequence 3 (Run), doors open, lamps per ActivateRoomLightImmediately
59_title-exit_wide.png	title-exit_wide	preview-local (root at world (4992, 0, 4992); room i spans z 12i..12i+12, centreline x 0)	(0.00, 1.62, 48.90)	(0.00, 1.27, 53.89)	72	516574485	RoomStream.BuildEditorPreview sequence 4 (Exit), doors open, lamps per ActivateRoomLightImmediately
60_title-exit_detail.png	title-exit_detail	preview-local (root at world (4992, 0, 4992); room i spans z 12i..12i+12, centreline x 0)	(-1.20, 1.62, 51.60)	(-5.85, 0.38, 50.23)	50	516574485	RoomStream.BuildEditorPreview sequence 4 (Exit), doors open, lamps per ActivateRoomLightImmediately
61_title-exit_doorway.png	title-exit_doorway	preview-local (root at world (4992, 0, 4992); room i spans z 12i..12i+12, centreline x 0)	(0.00, 1.62, 44.80)	(0.00, 1.42, 49.80)	72	516574485	RoomStream.BuildEditorPreview sequence 4 (Exit), doors open, lamps per ActivateRoomLightImmediately
62_title-exit_threshold.png	title-exit_threshold	preview-local (root at world (4992, 0, 4992); room i spans z 12i..12i+12, centreline x 0)	(0.00, 1.62, 50.80)	(0.00, -0.64, 55.26)	50	516574485	RoomStream.BuildEditorPreview sequence 4 (Exit), doors open, lamps per ActivateRoomLightImmediately
63_title-exit_ceiling.png	title-exit_ceiling	preview-local (root at world (4992, 0, 4992); room i spans z 12i..12i+12, centreline x 0)	(0.00, 1.62, 50.50)	(-1.19, 4.15, 54.65)	50	516574485	RoomStream.BuildEditorPreview sequence 4 (Exit), doors open, lamps per ActivateRoomLightImmediately
64_title-exit_arrival.png	title-exit_arrival	preview-local (root at world (4992, 0, 4992); room i spans z 12i..12i+12, centreline x 0)	(0.00, 1.62, 50.00)	(0.00, 1.43, 55.00)	72	516574485	RoomStream.BuildEditorPreview sequence 4 (Exit), doors open, lamps per ActivateRoomLightImmediately
